Configuration,Total Area (um^2),Read Latency (ns),Write Latency (ns),Read Bandwidth (GB/s),Write Bandwidth (GB/s),Read Dynamic Energy (pJ),Write Dynamic Energy (pJ),Leakage Power (uW)
/Users/sudo/CodeProjects/Tufts/EECE0193/Final_Project/EXPERIMENTS/Input/NVSim/iso_area/ReadLatency/STTRAM/16KB/16KB.out,86384.290,1.648,10.160,10.761,1.594,43.931,141.192,308.993
/Users/sudo/CodeProjects/Tufts/EECE0193/Final_Project/EXPERIMENTS/Input/NVSim/iso_area/ReadLatency/STTRAM/32KB/32KB.out,43393.687,1.674,10.195,10.116,1.588,41.562,139.140,78.337
/Users/sudo/CodeProjects/Tufts/EECE0193/Final_Project/EXPERIMENTS/Input/NVSim/iso_area/ReadLatency/STTRAM/64KB/64KB.out,86787.374,1.688,10.202,10.116,1.588,44.843,142.420,156.675
/Users/sudo/CodeProjects/Tufts/EECE0193/Final_Project/EXPERIMENTS/Input/NVSim/iso_area/ReadLatency/STTRAM/128KB/128KB.out,173574.749,1.742,10.229,10.116,1.588,50.572,148.150,313.350
/Users/sudo/CodeProjects/Tufts/EECE0193/Final_Project/EXPERIMENTS/Input/NVSim/iso_area/ReadLatency/STTRAM/256KB/256KB.out,171126.657,1.812,10.288,8.314,1.588,52.608,151.261,163.981
/Users/sudo/CodeProjects/Tufts/EECE0193/Final_Project/EXPERIMENTS/Input/NVSim/iso_area/ReadLatency/STTRAM/512KB/512KB.out,246291.778,1.911,10.386,8.281,1.575,51.041,149.182,176.874
/Users/sudo/CodeProjects/Tufts/EECE0193/Final_Project/EXPERIMENTS/Input/NVSim/iso_area/ReadLatency/STTRAM/1024KB/1024KB.out,543128.201,2.064,10.438,9.965,1.572,63.214,159.449,665.295
/Users/sudo/CodeProjects/Tufts/EECE0193/Final_Project/EXPERIMENTS/Input/NVSim/iso_area/ReadLatency/STTRAM/2048KB/2048KB.out,775236.794,2.216,10.548,8.213,1.570,68.275,165.540,382.681
/Users/sudo/CodeProjects/Tufts/EECE0193/Final_Project/EXPERIMENTS/Input/NVSim/iso_area/ReadLatency/STTRAM/4096KB/4096KB.out,1550000.0,2.664,10.772,8.213,1.570,83.964,181.228,765.362
/Users/sudo/CodeProjects/Tufts/EECE0193/Final_Project/EXPERIMENTS/Input/NVSim/iso_area/ReadLatency/SRAM/16KB/16KB.out,46161.307,0.102,0.09,373.830,280.426,9.326,8.545,4.577
/Users/sudo/CodeProjects/Tufts/EECE0193/Final_Project/EXPERIMENTS/Input/NVSim/iso_area/ReadLatency/SRAM/32KB/32KB.out,69922.156,0.137,0.119,234.602,194.872,11.090,10.556,7.632
/Users/sudo/CodeProjects/Tufts/EECE0193/Final_Project/EXPERIMENTS/Input/NVSim/iso_area/ReadLatency/SRAM/64KB/64KB.out,138308.477,0.184,0.152,211.607,163.797,15.981,14.917,14.254
/Users/sudo/CodeProjects/Tufts/EECE0193/Final_Project/EXPERIMENTS/Input/NVSim/iso_area/ReadLatency/SRAM/128KB/128KB.out,168520.648,0.252,0.211,190.131,167.909,18.754,17.005,16.641
/Users/sudo/CodeProjects/Tufts/EECE0193/Final_Project/EXPERIMENTS/Input/NVSim/iso_area/ReadLatency/SRAM/256KB/256KB.out,246608.565,0.37,0.304,120.884,99.562,22.841,21.324,27.987
/Users/sudo/CodeProjects/Tufts/EECE0193/Final_Project/EXPERIMENTS/Input/NVSim/iso_area/ReadLatency/SRAM/512KB/512KB.out,585999.508,0.54,0.406,145.645,94.246,33.654,31.083,83.385
/Users/sudo/CodeProjects/Tufts/EECE0193/Final_Project/EXPERIMENTS/Input/NVSim/iso_area/ReadLatency/SRAM/1024KB/1024KB.out,892661.510,0.754,0.544,80.837,70.941,43.117,38.944,121.209
/Users/sudo/CodeProjects/Tufts/EECE0193/Final_Project/EXPERIMENTS/Input/NVSim/iso_area/ReadLatency/SRAM/2048KB/2048KB.out,1593000.0,1.154,0.77,74.786,59.551,62.400,54.081,229.041
/Users/sudo/CodeProjects/Tufts/EECE0193/Final_Project/EXPERIMENTS/Input/NVSim/iso_area/ReadLatency/SRAM/4096KB/4096KB.out,3010000.0,1.855,1.141,48.276,52.669,85.759,73.098,427.646
/Users/sudo/CodeProjects/Tufts/EECE0193/Final_Project/EXPERIMENTS/Input/NVSim/iso_area/ReadLatency/RRAM/16KB/16KB.out,70316.972,1.708,20.299,9.606,0.794,32.066,93.016,39.240
/Users/sudo/CodeProjects/Tufts/EECE0193/Final_Project/EXPERIMENTS/Input/NVSim/iso_area/ReadLatency/RRAM/32KB/32KB.out,140633.944,1.739,20.315,9.606,0.794,38.051,99.001,78.479
/Users/sudo/CodeProjects/Tufts/EECE0193/Final_Project/EXPERIMENTS/Input/NVSim/iso_area/ReadLatency/RRAM/64KB/64KB.out,72897.909,1.770,20.362,9.398,0.791,32.666,93.168,78.768
/Users/sudo/CodeProjects/Tufts/EECE0193/Final_Project/EXPERIMENTS/Input/NVSim/iso_area/ReadLatency/RRAM/128KB/128KB.out,145795.817,1.807,20.381,9.398,0.791,37.380,97.882,157.536
/Users/sudo/CodeProjects/Tufts/EECE0193/Final_Project/EXPERIMENTS/Input/NVSim/iso_area/ReadLatency/RRAM/256KB/256KB.out,91158.558,1.852,20.477,7.121,0.789,37.553,109.267,82.086
/Users/sudo/CodeProjects/Tufts/EECE0193/Final_Project/EXPERIMENTS/Input/NVSim/iso_area/ReadLatency/RRAM/512KB/512KB.out,256288.978,1.909,20.494,7.114,0.789,50.507,122.339,168.852
/Users/sudo/CodeProjects/Tufts/EECE0193/Final_Project/EXPERIMENTS/Input/NVSim/iso_area/ReadLatency/RRAM/1024KB/1024KB.out,239589.012,1.950,20.508,7.039,0.789,55.451,126.470,181.583
/Users/sudo/CodeProjects/Tufts/EECE0193/Final_Project/EXPERIMENTS/Input/NVSim/iso_area/ReadLatency/RRAM/2048KB/2048KB.out,327564.767,2.013,20.621,5.343,0.786,66.547,152.163,194.460
/Users/sudo/CodeProjects/Tufts/EECE0193/Final_Project/EXPERIMENTS/Input/NVSim/iso_area/ReadLatency/RRAM/4096KB/4096KB.out,655129.534,2.197,20.713,5.343,0.786,77.818,163.434,388.921
/Users/sudo/CodeProjects/Tufts/EECE0193/Final_Project/EXPERIMENTS/Input/NVSim/iso_area/ReadLatency/PCRAM/16KB/16KB.out,,,,,,,,
/Users/sudo/CodeProjects/Tufts/EECE0193/Final_Project/EXPERIMENTS/Input/NVSim/iso_area/ReadLatency/PCRAM/32KB/32KB.out,,,,,,,,
/Users/sudo/CodeProjects/Tufts/EECE0193/Final_Project/EXPERIMENTS/Input/NVSim/iso_area/ReadLatency/PCRAM/64KB/64KB.out,,,,,,,,
/Users/sudo/CodeProjects/Tufts/EECE0193/Final_Project/EXPERIMENTS/Input/NVSim/iso_area/ReadLatency/PCRAM/128KB/128KB.out,,,,,,,,
/Users/sudo/CodeProjects/Tufts/EECE0193/Final_Project/EXPERIMENTS/Input/NVSim/iso_area/ReadLatency/PCRAM/256KB/256KB.out,,,,,,,,
/Users/sudo/CodeProjects/Tufts/EECE0193/Final_Project/EXPERIMENTS/Input/NVSim/iso_area/ReadLatency/PCRAM/512KB/512KB.out,,,,,,,,
/Users/sudo/CodeProjects/Tufts/EECE0193/Final_Project/EXPERIMENTS/Input/NVSim/iso_area/ReadLatency/PCRAM/1024KB/1024KB.out,,,,,,,,
/Users/sudo/CodeProjects/Tufts/EECE0193/Final_Project/EXPERIMENTS/Input/NVSim/iso_area/ReadLatency/PCRAM/2048KB/2048KB.out,,,,,,,,
/Users/sudo/CodeProjects/Tufts/EECE0193/Final_Project/EXPERIMENTS/Input/NVSim/iso_area/ReadLatency/PCRAM/4096KB/4096KB.out,,,,,,,,
/Users/sudo/CodeProjects/Tufts/EECE0193/Final_Project/EXPERIMENTS/Input/NVSim/iso_area/WriteLatency/STTRAM/16KB/16KB.out,86384.290,1.648,10.160,10.761,1.594,43.931,141.192,308.993
/Users/sudo/CodeProjects/Tufts/EECE0193/Final_Project/EXPERIMENTS/Input/NVSim/iso_area/WriteLatency/STTRAM/32KB/32KB.out,43393.687,1.674,10.195,10.116,1.588,41.562,139.140,78.337
/Users/sudo/CodeProjects/Tufts/EECE0193/Final_Project/EXPERIMENTS/Input/NVSim/iso_area/WriteLatency/STTRAM/64KB/64KB.out,86787.374,1.688,10.202,10.116,1.588,44.843,142.420,156.675
/Users/sudo/CodeProjects/Tufts/EECE0193/Final_Project/EXPERIMENTS/Input/NVSim/iso_area/WriteLatency/STTRAM/128KB/128KB.out,173574.749,1.742,10.229,10.116,1.588,50.572,148.150,313.350
/Users/sudo/CodeProjects/Tufts/EECE0193/Final_Project/EXPERIMENTS/Input/NVSim/iso_area/WriteLatency/STTRAM/256KB/256KB.out,171126.657,1.812,10.288,8.314,1.588,52.608,151.261,163.981
/Users/sudo/CodeProjects/Tufts/EECE0193/Final_Project/EXPERIMENTS/Input/NVSim/iso_area/WriteLatency/STTRAM/512KB/512KB.out,413514.033,1.924,10.352,10.066,1.578,56.821,153.901,642.628
/Users/sudo/CodeProjects/Tufts/EECE0193/Final_Project/EXPERIMENTS/Input/NVSim/iso_area/WriteLatency/STTRAM/1024KB/1024KB.out,651458.769,2.102,10.432,9.967,1.578,69.456,165.642,679.355
/Users/sudo/CodeProjects/Tufts/EECE0193/Final_Project/EXPERIMENTS/Input/NVSim/iso_area/WriteLatency/STTRAM/2048KB/2048KB.out,903846.757,2.230,10.537,8.214,1.575,74.728,171.944,404.503
/Users/sudo/CodeProjects/Tufts/EECE0193/Final_Project/EXPERIMENTS/Input/NVSim/iso_area/WriteLatency/STTRAM/4096KB/4096KB.out,1550000.0,2.664,10.772,8.213,1.570,83.964,181.228,765.362
/Users/sudo/CodeProjects/Tufts/EECE0193/Final_Project/EXPERIMENTS/Input/NVSim/iso_area/WriteLatency/SRAM/16KB/16KB.out,46161.307,0.102,0.09,373.830,280.426,9.326,8.545,4.577
/Users/sudo/CodeProjects/Tufts/EECE0193/Final_Project/EXPERIMENTS/Input/NVSim/iso_area/WriteLatency/SRAM/32KB/32KB.out,92322.613,0.149,0.114,373.830,280.426,14.168,13.387,9.155
/Users/sudo/CodeProjects/Tufts/EECE0193/Final_Project/EXPERIMENTS/Input/NVSim/iso_area/WriteLatency/SRAM/64KB/64KB.out,188242.493,0.191,0.146,290.879,206.344,18.831,17.275,15.596
/Users/sudo/CodeProjects/Tufts/EECE0193/Final_Project/EXPERIMENTS/Input/NVSim/iso_area/WriteLatency/SRAM/128KB/128KB.out,260712.831,0.265,0.197,191.038,151.326,21.742,20.770,29.494
/Users/sudo/CodeProjects/Tufts/EECE0193/Final_Project/EXPERIMENTS/Input/NVSim/iso_area/WriteLatency/SRAM/256KB/256KB.out,292069.853,0.379,0.282,157.099,142.143,25.165,23.906,31.914
/Users/sudo/CodeProjects/Tufts/EECE0193/Final_Project/EXPERIMENTS/Input/NVSim/iso_area/WriteLatency/SRAM/512KB/512KB.out,638282.226,0.545,0.398,149.225,98.107,36.045,33.397,74.722
/Users/sudo/CodeProjects/Tufts/EECE0193/Final_Project/EXPERIMENTS/Input/NVSim/iso_area/WriteLatency/SRAM/1024KB/1024KB.out,892661.510,0.754,0.544,80.837,70.941,43.117,38.944,121.209
/Users/sudo/CodeProjects/Tufts/EECE0193/Final_Project/EXPERIMENTS/Input/NVSim/iso_area/WriteLatency/SRAM/2048KB/2048KB.out,1593000.0,1.154,0.77,74.786,59.551,62.400,54.081,229.041
/Users/sudo/CodeProjects/Tufts/EECE0193/Final_Project/EXPERIMENTS/Input/NVSim/iso_area/WriteLatency/SRAM/4096KB/4096KB.out,3010000.0,1.855,1.141,48.276,52.669,85.759,73.098,427.646
/Users/sudo/CodeProjects/Tufts/EECE0193/Final_Project/EXPERIMENTS/Input/NVSim/iso_area/WriteLatency/RRAM/16KB/16KB.out,141825.153,1.738,20.173,10.178,0.797,37.159,93.304,310.675
/Users/sudo/CodeProjects/Tufts/EECE0193/Final_Project/EXPERIMENTS/Input/NVSim/iso_area/WriteLatency/RRAM/32KB/32KB.out,74151.958,1.751,20.213,10.018,0.796,33.783,90.273,155.918
/Users/sudo/CodeProjects/Tufts/EECE0193/Final_Project/EXPERIMENTS/Input/NVSim/iso_area/WriteLatency/RRAM/64KB/64KB.out,148303.916,1.788,20.232,10.018,0.796,38.418,94.908,311.836
/Users/sudo/CodeProjects/Tufts/EECE0193/Final_Project/EXPERIMENTS/Input/NVSim/iso_area/WriteLatency/RRAM/128KB/128KB.out,295233.628,1.873,20.290,10.081,0.795,45.815,102.765,312.894
/Users/sudo/CodeProjects/Tufts/EECE0193/Final_Project/EXPERIMENTS/Input/NVSim/iso_area/WriteLatency/RRAM/256KB/256KB.out,309682.623,1.893,20.343,9.756,0.794,47.959,105.829,322.100
/Users/sudo/CodeProjects/Tufts/EECE0193/Final_Project/EXPERIMENTS/Input/NVSim/iso_area/WriteLatency/RRAM/512KB/512KB.out,334461.338,1.912,20.411,9.220,0.791,50.504,110.220,328.900
/Users/sudo/CodeProjects/Tufts/EECE0193/Final_Project/EXPERIMENTS/Input/NVSim/iso_area/WriteLatency/RRAM/1024KB/1024KB.out,472532.415,2.144,20.475,9.373,0.791,52.466,109.041,668.983
/Users/sudo/CodeProjects/Tufts/EECE0193/Final_Project/EXPERIMENTS/Input/NVSim/iso_area/WriteLatency/RRAM/2048KB/2048KB.out,678394.723,2.466,20.546,8.943,0.791,62.988,115.928,1398.0
/Users/sudo/CodeProjects/Tufts/EECE0193/Final_Project/EXPERIMENTS/Input/NVSim/iso_area/WriteLatency/RRAM/4096KB/4096KB.out,759598.369,2.514,20.627,8.624,0.789,66.526,120.385,1457.0
/Users/sudo/CodeProjects/Tufts/EECE0193/Final_Project/EXPERIMENTS/Input/NVSim/iso_area/WriteLatency/PCRAM/16KB/16KB.out,,,,,,,,
/Users/sudo/CodeProjects/Tufts/EECE0193/Final_Project/EXPERIMENTS/Input/NVSim/iso_area/WriteLatency/PCRAM/32KB/32KB.out,,,,,,,,
/Users/sudo/CodeProjects/Tufts/EECE0193/Final_Project/EXPERIMENTS/Input/NVSim/iso_area/WriteLatency/PCRAM/64KB/64KB.out,,,,,,,,
/Users/sudo/CodeProjects/Tufts/EECE0193/Final_Project/EXPERIMENTS/Input/NVSim/iso_area/WriteLatency/PCRAM/128KB/128KB.out,,,,,,,,
/Users/sudo/CodeProjects/Tufts/EECE0193/Final_Project/EXPERIMENTS/Input/NVSim/iso_area/WriteLatency/PCRAM/256KB/256KB.out,,,,,,,,
/Users/sudo/CodeProjects/Tufts/EECE0193/Final_Project/EXPERIMENTS/Input/NVSim/iso_area/WriteLatency/PCRAM/512KB/512KB.out,,,,,,,,
/Users/sudo/CodeProjects/Tufts/EECE0193/Final_Project/EXPERIMENTS/Input/NVSim/iso_area/WriteLatency/PCRAM/1024KB/1024KB.out,,,,,,,,
/Users/sudo/CodeProjects/Tufts/EECE0193/Final_Project/EXPERIMENTS/Input/NVSim/iso_area/WriteLatency/PCRAM/2048KB/2048KB.out,,,,,,,,
/Users/sudo/CodeProjects/Tufts/EECE0193/Final_Project/EXPERIMENTS/Input/NVSim/iso_area/WriteLatency/PCRAM/4096KB/4096KB.out,,,,,,,,
/Users/sudo/CodeProjects/Tufts/EECE0193/Final_Project/EXPERIMENTS/Input/NVSim/iso_area/ReadDynamicEnergy/STTRAM/16KB/16KB.out,11093.172,1.865,10.400,6.607,1.570,30.881,131.272,19.892
/Users/sudo/CodeProjects/Tufts/EECE0193/Final_Project/EXPERIMENTS/Input/NVSim/iso_area/ReadDynamicEnergy/STTRAM/32KB/32KB.out,16656.354,2.014,10.623,4.475,1.539,30.955,134.203,20.557
/Users/sudo/CodeProjects/Tufts/EECE0193/Final_Project/EXPERIMENTS/Input/NVSim/iso_area/ReadDynamicEnergy/STTRAM/64KB/64KB.out,24360.965,2.053,10.649,4.472,1.534,31.329,134.404,21.298
/Users/sudo/CodeProjects/Tufts/EECE0193/Final_Project/EXPERIMENTS/Input/NVSim/iso_area/ReadDynamicEnergy/STTRAM/128KB/128KB.out,43607.861,2.537,11.454,2.490,1.428,31.745,140.268,23.374
/Users/sudo/CodeProjects/Tufts/EECE0193/Final_Project/EXPERIMENTS/Input/NVSim/iso_area/ReadDynamicEnergy/STTRAM/256KB/256KB.out,75636.693,2.647,11.535,2.488,1.419,32.808,140.631,24.711
/Users/sudo/CodeProjects/Tufts/EECE0193/Final_Project/EXPERIMENTS/Input/NVSim/iso_area/ReadDynamicEnergy/STTRAM/512KB/512KB.out,132075.625,3.022,11.840,2.485,1.382,34.921,141.344,24.755
/Users/sudo/CodeProjects/Tufts/EECE0193/Final_Project/EXPERIMENTS/Input/NVSim/iso_area/ReadDynamicEnergy/STTRAM/1024KB/1024KB.out,245580.037,4.388,12.841,2.478,1.275,39.057,142.704,24.830
/Users/sudo/CodeProjects/Tufts/EECE0193/Final_Project/EXPERIMENTS/Input/NVSim/iso_area/ReadDynamicEnergy/STTRAM/2048KB/2048KB.out,472061.674,9.118,17.401,4.387,0.936,44.811,142.964,44.508
/Users/sudo/CodeProjects/Tufts/EECE0193/Final_Project/EXPERIMENTS/Input/NVSim/iso_area/ReadDynamicEnergy/STTRAM/4096KB/4096KB.out,944123.348,9.204,17.444,4.387,0.936,51.656,149.808,89.017
/Users/sudo/CodeProjects/Tufts/EECE0193/Final_Project/EXPERIMENTS/Input/NVSim/iso_area/ReadDynamicEnergy/SRAM/16KB/16KB.out,12776.990,0.436,0.435,103.626,51.864,2.382,1.664,1.780
/Users/sudo/CodeProjects/Tufts/EECE0193/Final_Project/EXPERIMENTS/Input/NVSim/iso_area/ReadDynamicEnergy/SRAM/32KB/32KB.out,24447.693,0.699,0.699,71.254,28.855,3.414,2.009,3.374
/Users/sudo/CodeProjects/Tufts/EECE0193/Final_Project/EXPERIMENTS/Input/NVSim/iso_area/ReadDynamicEnergy/SRAM/64KB/64KB.out,48895.387,0.703,0.701,71.254,28.855,4.751,3.346,6.748
/Users/sudo/CodeProjects/Tufts/EECE0193/Final_Project/EXPERIMENTS/Input/NVSim/iso_area/ReadDynamicEnergy/SRAM/128KB/128KB.out,112095.860,1.510,1.506,45.697,12.033,6.748,4.524,15.616
/Users/sudo/CodeProjects/Tufts/EECE0193/Final_Project/EXPERIMENTS/Input/NVSim/iso_area/ReadDynamicEnergy/SRAM/256KB/256KB.out,188911.152,1.563,1.554,40.493,11.647,9.480,6.722,26.013
/Users/sudo/CodeProjects/Tufts/EECE0193/Final_Project/EXPERIMENTS/Input/NVSim/iso_area/ReadDynamicEnergy/SRAM/512KB/512KB.out,439635.715,4.485,4.471,21.183,3.775,13.357,8.979,60.222
/Users/sudo/CodeProjects/Tufts/EECE0193/Final_Project/EXPERIMENTS/Input/NVSim/iso_area/ReadDynamicEnergy/SRAM/1024KB/1024KB.out,741484.223,4.583,4.546,19.676,3.728,18.934,13.471,100.445
/Users/sudo/CodeProjects/Tufts/EECE0193/Final_Project/EXPERIMENTS/Input/NVSim/iso_area/ReadDynamicEnergy/SRAM/2048KB/2048KB.out,1741000.0,15.513,15.460,8.860,1.060,26.666,17.978,236.414
/Users/sudo/CodeProjects/Tufts/EECE0193/Final_Project/EXPERIMENTS/Input/NVSim/iso_area/ReadDynamicEnergy/SRAM/4096KB/4096KB.out,2938000.0,15.769,15.620,8.499,1.055,37.996,27.121,394.579
/Users/sudo/CodeProjects/Tufts/EECE0193/Final_Project/EXPERIMENTS/Input/NVSim/iso_area/ReadDynamicEnergy/RRAM/16KB/16KB.out,17014.210,1.891,20.556,7.109,0.786,20.666,92.914,19.543
/Users/sudo/CodeProjects/Tufts/EECE0193/Final_Project/EXPERIMENTS/Input/NVSim/iso_area/ReadDynamicEnergy/RRAM/32KB/32KB.out,18357.733,2.021,20.721,5.209,0.781,21.463,108.384,19.853
/Users/sudo/CodeProjects/Tufts/EECE0193/Final_Project/EXPERIMENTS/Input/NVSim/iso_area/ReadDynamicEnergy/RRAM/64KB/64KB.out,15382.798,2.262,20.959,4.847,0.771,23.346,110.105,20.222
/Users/sudo/CodeProjects/Tufts/EECE0193/Final_Project/EXPERIMENTS/Input/NVSim/iso_area/ReadDynamicEnergy/RRAM/128KB/128KB.out,30765.595,2.275,20.966,4.847,0.771,25.941,112.700,40.443
/Users/sudo/CodeProjects/Tufts/EECE0193/Final_Project/EXPERIMENTS/Input/NVSim/iso_area/ReadDynamicEnergy/RRAM/256KB/256KB.out,42492.439,2.163,20.753,7.585,0.778,30.056,93.719,79.921
/Users/sudo/CodeProjects/Tufts/EECE0193/Final_Project/EXPERIMENTS/Input/NVSim/iso_area/ReadDynamicEnergy/RRAM/512KB/512KB.out,84984.878,2.176,20.759,7.585,0.778,32.685,96.348,159.843
/Users/sudo/CodeProjects/Tufts/EECE0193/Final_Project/EXPERIMENTS/Input/NVSim/iso_area/ReadDynamicEnergy/RRAM/1024KB/1024KB.out,106947.124,2.468,21.065,5.847,0.767,37.234,108.433,163.993
/Users/sudo/CodeProjects/Tufts/EECE0193/Final_Project/EXPERIMENTS/Input/NVSim/iso_area/ReadDynamicEnergy/RRAM/2048KB/2048KB.out,213894.248,2.549,21.106,5.847,0.767,43.848,115.047,327.985
/Users/sudo/CodeProjects/Tufts/EECE0193/Final_Project/EXPERIMENTS/Input/NVSim/iso_area/ReadDynamicEnergy/RRAM/4096KB/4096KB.out,437278.285,2.392,20.837,7.384,0.778,53.502,115.833,675.044
/Users/sudo/CodeProjects/Tufts/EECE0193/Final_Project/EXPERIMENTS/Input/NVSim/iso_area/ReadDynamicEnergy/PCRAM/16KB/16KB.out,,,,,,,,
/Users/sudo/CodeProjects/Tufts/EECE0193/Final_Project/EXPERIMENTS/Input/NVSim/iso_area/ReadDynamicEnergy/PCRAM/32KB/32KB.out,,,,,,,,
/Users/sudo/CodeProjects/Tufts/EECE0193/Final_Project/EXPERIMENTS/Input/NVSim/iso_area/ReadDynamicEnergy/PCRAM/64KB/64KB.out,,,,,,,,
/Users/sudo/CodeProjects/Tufts/EECE0193/Final_Project/EXPERIMENTS/Input/NVSim/iso_area/ReadDynamicEnergy/PCRAM/128KB/128KB.out,,,,,,,,
/Users/sudo/CodeProjects/Tufts/EECE0193/Final_Project/EXPERIMENTS/Input/NVSim/iso_area/ReadDynamicEnergy/PCRAM/256KB/256KB.out,,,,,,,,
/Users/sudo/CodeProjects/Tufts/EECE0193/Final_Project/EXPERIMENTS/Input/NVSim/iso_area/ReadDynamicEnergy/PCRAM/512KB/512KB.out,,,,,,,,
/Users/sudo/CodeProjects/Tufts/EECE0193/Final_Project/EXPERIMENTS/Input/NVSim/iso_area/ReadDynamicEnergy/PCRAM/1024KB/1024KB.out,,,,,,,,
/Users/sudo/CodeProjects/Tufts/EECE0193/Final_Project/EXPERIMENTS/Input/NVSim/iso_area/ReadDynamicEnergy/PCRAM/2048KB/2048KB.out,,,,,,,,
/Users/sudo/CodeProjects/Tufts/EECE0193/Final_Project/EXPERIMENTS/Input/NVSim/iso_area/ReadDynamicEnergy/PCRAM/4096KB/4096KB.out,,,,,,,,
/Users/sudo/CodeProjects/Tufts/EECE0193/Final_Project/EXPERIMENTS/Input/NVSim/iso_area/WriteDynamicEnergy/STTRAM/16KB/16KB.out,37254.377,1.964,10.497,9.457,1.555,166.430,129.617,153.995
/Users/sudo/CodeProjects/Tufts/EECE0193/Final_Project/EXPERIMENTS/Input/NVSim/iso_area/WriteDynamicEnergy/STTRAM/32KB/32KB.out,67011.288,2.342,10.867,9.405,1.503,321.497,130.338,307.650
/Users/sudo/CodeProjects/Tufts/EECE0193/Final_Project/EXPERIMENTS/Input/NVSim/iso_area/WriteDynamicEnergy/STTRAM/64KB/64KB.out,25040.568,2.317,10.840,9.395,1.504,33.459,130.979,39.267
/Users/sudo/CodeProjects/Tufts/EECE0193/Final_Project/EXPERIMENTS/Input/NVSim/iso_area/WriteDynamicEnergy/STTRAM/128KB/128KB.out,41078.347,2.333,10.845,8.269,1.504,33.895,132.118,39.951
/Users/sudo/CodeProjects/Tufts/EECE0193/Final_Project/EXPERIMENTS/Input/NVSim/iso_area/WriteDynamicEnergy/STTRAM/256KB/256KB.out,79979.024,3.688,12.194,9.293,1.337,36.603,133.347,78.848
/Users/sudo/CodeProjects/Tufts/EECE0193/Final_Project/EXPERIMENTS/Input/NVSim/iso_area/WriteDynamicEnergy/STTRAM/512KB/512KB.out,139569.408,3.708,12.201,8.190,1.337,37.887,135.310,80.222
/Users/sudo/CodeProjects/Tufts/EECE0193/Final_Project/EXPERIMENTS/Input/NVSim/iso_area/WriteDynamicEnergy/STTRAM/1024KB/1024KB.out,255340.325,8.897,17.359,8.042,0.937,42.086,137.910,80.819
/Users/sudo/CodeProjects/Tufts/EECE0193/Final_Project/EXPERIMENTS/Input/NVSim/iso_area/WriteDynamicEnergy/STTRAM/2048KB/2048KB.out,510680.650,8.922,17.371,8.042,0.937,45.777,141.601,161.639
/Users/sudo/CodeProjects/Tufts/EECE0193/Final_Project/EXPERIMENTS/Input/NVSim/iso_area/WriteDynamicEnergy/STTRAM/4096KB/4096KB.out,979533.339,29.143,37.530,7.771,0.431,54.309,146.934,165.421
/Users/sudo/CodeProjects/Tufts/EECE0193/Final_Project/EXPERIMENTS/Input/NVSim/iso_area/WriteDynamicEnergy/SRAM/16KB/16KB.out,10965.937,0.599,0.599,29.041,38.907,3.438,0.739,1.523
/Users/sudo/CodeProjects/Tufts/EECE0193/Final_Project/EXPERIMENTS/Input/NVSim/iso_area/WriteDynamicEnergy/SRAM/32KB/32KB.out,21234.090,0.747,0.747,15.194,29.071,5.659,1.031,2.998
/Users/sudo/CodeProjects/Tufts/EECE0193/Final_Project/EXPERIMENTS/Input/NVSim/iso_area/WriteDynamicEnergy/SRAM/64KB/64KB.out,41090.063,1.044,1.044,13.779,19.163,11.165,1.376,5.634
/Users/sudo/CodeProjects/Tufts/EECE0193/Final_Project/EXPERIMENTS/Input/NVSim/iso_area/WriteDynamicEnergy/SRAM/128KB/128KB.out,81101.086,1.372,1.372,7.036,14.180,20.022,1.964,11.184
/Users/sudo/CodeProjects/Tufts/EECE0193/Final_Project/EXPERIMENTS/Input/NVSim/iso_area/WriteDynamicEnergy/SRAM/256KB/256KB.out,157179.369,2.385,2.385,6.117,7.553,39.812,2.634,20.999
/Users/sudo/CodeProjects/Tufts/EECE0193/Final_Project/EXPERIMENTS/Input/NVSim/iso_area/WriteDynamicEnergy/SRAM/512KB/512KB.out,311000.310,3.086,3.086,3.026,5.744,75.156,3.797,41.791
/Users/sudo/CodeProjects/Tufts/EECE0193/Final_Project/EXPERIMENTS/Input/NVSim/iso_area/WriteDynamicEnergy/SRAM/1024KB/1024KB.out,611744.682,6.678,6.678,2.525,2.527,149.952,5.070,80.828
/Users/sudo/CodeProjects/Tufts/EECE0193/Final_Project/EXPERIMENTS/Input/NVSim/iso_area/WriteDynamicEnergy/SRAM/2048KB/2048KB.out,1217000.0,8.417,8.417,1.186,2.000,291.203,7.393,161.273
/Users/sudo/CodeProjects/Tufts/EECE0193/Final_Project/EXPERIMENTS/Input/NVSim/iso_area/WriteDynamicEnergy/SRAM/4096KB/4096KB.out,2412000.0,21.537,21.537,0.957,0.761,581.930,9.940,317.066
/Users/sudo/CodeProjects/Tufts/EECE0193/Final_Project/EXPERIMENTS/Input/NVSim/iso_area/WriteDynamicEnergy/RRAM/16KB/16KB.out,16364.752,1.888,20.360,10.069,0.791,25.513,82.643,38.953
/Users/sudo/CodeProjects/Tufts/EECE0193/Final_Project/EXPERIMENTS/Input/NVSim/iso_area/WriteDynamicEnergy/RRAM/32KB/32KB.out,32729.504,1.890,20.361,10.069,0.791,26.535,83.664,77.907
/Users/sudo/CodeProjects/Tufts/EECE0193/Final_Project/EXPERIMENTS/Input/NVSim/iso_area/WriteDynamicEnergy/RRAM/64KB/64KB.out,34174.678,1.917,20.431,9.666,0.789,27.111,85.161,78.349
/Users/sudo/CodeProjects/Tufts/EECE0193/Final_Project/EXPERIMENTS/Input/NVSim/iso_area/WriteDynamicEnergy/RRAM/128KB/128KB.out,68349.356,1.926,20.436,9.666,0.789,29.237,87.286,156.698
/Users/sudo/CodeProjects/Tufts/EECE0193/Final_Project/EXPERIMENTS/Input/NVSim/iso_area/WriteDynamicEnergy/RRAM/256KB/256KB.out,73623.947,1.998,20.560,8.840,0.784,30.371,90.266,157.745
/Users/sudo/CodeProjects/Tufts/EECE0193/Final_Project/EXPERIMENTS/Input/NVSim/iso_area/WriteDynamicEnergy/RRAM/512KB/512KB.out,147247.894,2.038,20.580,8.840,0.784,34.966,94.861,315.490
/Users/sudo/CodeProjects/Tufts/EECE0193/Final_Project/EXPERIMENTS/Input/NVSim/iso_area/WriteDynamicEnergy/RRAM/1024KB/1024KB.out,174730.013,2.129,20.591,8.530,0.784,41.814,100.316,329.147
/Users/sudo/CodeProjects/Tufts/EECE0193/Final_Project/EXPERIMENTS/Input/NVSim/iso_area/WriteDynamicEnergy/RRAM/2048KB/2048KB.out,349460.026,2.185,20.619,8.530,0.784,47.361,105.863,658.294
/Users/sudo/CodeProjects/Tufts/EECE0193/Final_Project/EXPERIMENTS/Input/NVSim/iso_area/WriteDynamicEnergy/RRAM/4096KB/4096KB.out,437278.285,2.392,20.837,7.384,0.778,53.502,115.833,675.044
/Users/sudo/CodeProjects/Tufts/EECE0193/Final_Project/EXPERIMENTS/Input/NVSim/iso_area/WriteDynamicEnergy/PCRAM/16KB/16KB.out,,,,,,,,
/Users/sudo/CodeProjects/Tufts/EECE0193/Final_Project/EXPERIMENTS/Input/NVSim/iso_area/WriteDynamicEnergy/PCRAM/32KB/32KB.out,,,,,,,,
/Users/sudo/CodeProjects/Tufts/EECE0193/Final_Project/EXPERIMENTS/Input/NVSim/iso_area/WriteDynamicEnergy/PCRAM/64KB/64KB.out,,,,,,,,
/Users/sudo/CodeProjects/Tufts/EECE0193/Final_Project/EXPERIMENTS/Input/NVSim/iso_area/WriteDynamicEnergy/PCRAM/128KB/128KB.out,,,,,,,,
/Users/sudo/CodeProjects/Tufts/EECE0193/Final_Project/EXPERIMENTS/Input/NVSim/iso_area/WriteDynamicEnergy/PCRAM/256KB/256KB.out,,,,,,,,
/Users/sudo/CodeProjects/Tufts/EECE0193/Final_Project/EXPERIMENTS/Input/NVSim/iso_area/WriteDynamicEnergy/PCRAM/512KB/512KB.out,,,,,,,,
/Users/sudo/CodeProjects/Tufts/EECE0193/Final_Project/EXPERIMENTS/Input/NVSim/iso_area/WriteDynamicEnergy/PCRAM/1024KB/1024KB.out,,,,,,,,
/Users/sudo/CodeProjects/Tufts/EECE0193/Final_Project/EXPERIMENTS/Input/NVSim/iso_area/WriteDynamicEnergy/PCRAM/2048KB/2048KB.out,,,,,,,,
/Users/sudo/CodeProjects/Tufts/EECE0193/Final_Project/EXPERIMENTS/Input/NVSim/iso_area/WriteDynamicEnergy/PCRAM/4096KB/4096KB.out,,,,,,,,
/Users/sudo/CodeProjects/Tufts/EECE0193/Final_Project/EXPERIMENTS/Input/NVSim/iso_area/ReadEDP/STTRAM/16KB/16KB.out,9900.584,1.842,10.367,8.331,1.572,31.166,130.006,19.746
/Users/sudo/CodeProjects/Tufts/EECE0193/Final_Project/EXPERIMENTS/Input/NVSim/iso_area/ReadEDP/STTRAM/32KB/32KB.out,14779.559,1.903,10.426,6.601,1.566,31.204,131.473,20.267
/Users/sudo/CodeProjects/Tufts/EECE0193/Final_Project/EXPERIMENTS/Input/NVSim/iso_area/ReadEDP/STTRAM/64KB/64KB.out,23028.188,2.015,10.508,6.588,1.554,31.798,131.836,20.615
/Users/sudo/CodeProjects/Tufts/EECE0193/Final_Project/EXPERIMENTS/Input/NVSim/iso_area/ReadEDP/STTRAM/128KB/128KB.out,46056.376,2.024,10.512,6.588,1.554,33.936,133.975,41.230
/Users/sudo/CodeProjects/Tufts/EECE0193/Final_Project/EXPERIMENTS/Input/NVSim/iso_area/ReadEDP/STTRAM/256KB/256KB.out,81026.272,2.192,10.744,4.466,1.523,35.815,138.557,43.951
/Users/sudo/CodeProjects/Tufts/EECE0193/Final_Project/EXPERIMENTS/Input/NVSim/iso_area/ReadEDP/STTRAM/512KB/512KB.out,168211.792,2.086,10.573,6.567,1.549,42.790,142.348,88.247
/Users/sudo/CodeProjects/Tufts/EECE0193/Final_Project/EXPERIMENTS/Input/NVSim/iso_area/ReadEDP/STTRAM/1024KB/1024KB.out,336423.584,2.192,10.627,6.567,1.549,50.324,149.882,176.494
/Users/sudo/CodeProjects/Tufts/EECE0193/Final_Project/EXPERIMENTS/Input/NVSim/iso_area/ReadEDP/STTRAM/2048KB/2048KB.out,639414.599,2.318,10.681,6.524,1.549,61.277,159.874,200.404
/Users/sudo/CodeProjects/Tufts/EECE0193/Final_Project/EXPERIMENTS/Input/NVSim/iso_area/ReadEDP/STTRAM/4096KB/4096KB.out,1279000.0,2.702,10.873,6.524,1.549,75.794,174.392,400.809
/Users/sudo/CodeProjects/Tufts/EECE0193/Final_Project/EXPERIMENTS/Input/NVSim/iso_area/ReadEDP/SRAM/16KB/16KB.out,20577.680,0.132,0.125,265.840,279.975,6.646,6.216,2.530
/Users/sudo/CodeProjects/Tufts/EECE0193/Final_Project/EXPERIMENTS/Input/NVSim/iso_area/ReadEDP/SRAM/32KB/32KB.out,60621.277,0.14,0.126,210.547,178.478,10.124,9.636,8.362
/Users/sudo/CodeProjects/Tufts/EECE0193/Final_Project/EXPERIMENTS/Input/NVSim/iso_area/ReadEDP/SRAM/64KB/64KB.out,67575.586,0.22,0.203,151.627,137.899,10.752,10.179,8.002
/Users/sudo/CodeProjects/Tufts/EECE0193/Final_Project/EXPERIMENTS/Input/NVSim/iso_area/ReadEDP/SRAM/128KB/128KB.out,146034.927,0.253,0.218,157.099,142.143,17.068,15.810,15.957
/Users/sudo/CodeProjects/Tufts/EECE0193/Final_Project/EXPERIMENTS/Input/NVSim/iso_area/ReadEDP/SRAM/256KB/256KB.out,268330.521,0.373,0.307,100.066,93.887,22.391,21.273,36.035
/Users/sudo/CodeProjects/Tufts/EECE0193/Final_Project/EXPERIMENTS/Input/NVSim/iso_area/ReadEDP/SRAM/512KB/512KB.out,443951.423,0.558,0.456,109.364,66.203,29.094,26.038,62.492
/Users/sudo/CodeProjects/Tufts/EECE0193/Final_Project/EXPERIMENTS/Input/NVSim/iso_area/ReadEDP/SRAM/1024KB/1024KB.out,795507.641,0.763,0.571,77.817,61.457,39.312,35.188,112.335
/Users/sudo/CodeProjects/Tufts/EECE0193/Final_Project/EXPERIMENTS/Input/NVSim/iso_area/ReadEDP/SRAM/2048KB/2048KB.out,1505000.0,1.185,0.832,68.595,46.159,57.155,48.991,214.867
/Users/sudo/CodeProjects/Tufts/EECE0193/Final_Project/EXPERIMENTS/Input/NVSim/iso_area/ReadEDP/SRAM/4096KB/4096KB.out,2818000.0,1.892,1.214,43.318,39.977,79.444,67.123,407.426
/Users/sudo/CodeProjects/Tufts/EECE0193/Final_Project/EXPERIMENTS/Input/NVSim/iso_area/ReadEDP/RRAM/16KB/16KB.out,17014.210,1.891,20.556,7.109,0.786,20.666,92.914,19.543
/Users/sudo/CodeProjects/Tufts/EECE0193/Final_Project/EXPERIMENTS/Input/NVSim/iso_area/ReadEDP/RRAM/32KB/32KB.out,18357.733,2.021,20.721,5.209,0.781,21.463,108.384,19.853
/Users/sudo/CodeProjects/Tufts/EECE0193/Final_Project/EXPERIMENTS/Input/NVSim/iso_area/ReadEDP/RRAM/64KB/64KB.out,37772.364,1.892,20.543,7.093,0.786,25.656,97.743,39.812
/Users/sudo/CodeProjects/Tufts/EECE0193/Final_Project/EXPERIMENTS/Input/NVSim/iso_area/ReadEDP/RRAM/128KB/128KB.out,55843.544,1.947,20.565,8.252,0.785,28.087,92.397,79.310
/Users/sudo/CodeProjects/Tufts/EECE0193/Final_Project/EXPERIMENTS/Input/NVSim/iso_area/ReadEDP/RRAM/256KB/256KB.out,73623.947,1.998,20.560,8.840,0.784,30.371,90.266,157.745
/Users/sudo/CodeProjects/Tufts/EECE0193/Final_Project/EXPERIMENTS/Input/NVSim/iso_area/ReadEDP/RRAM/512KB/512KB.out,84984.878,2.176,20.759,7.585,0.778,32.685,96.348,159.843
/Users/sudo/CodeProjects/Tufts/EECE0193/Final_Project/EXPERIMENTS/Input/NVSim/iso_area/ReadEDP/RRAM/1024KB/1024KB.out,169969.756,2.228,20.785,7.585,0.778,37.960,101.623,319.685
/Users/sudo/CodeProjects/Tufts/EECE0193/Final_Project/EXPERIMENTS/Input/NVSim/iso_area/ReadEDP/RRAM/2048KB/2048KB.out,349460.026,2.185,20.619,8.530,0.784,47.361,105.863,658.294
/Users/sudo/CodeProjects/Tufts/EECE0193/Final_Project/EXPERIMENTS/Input/NVSim/iso_area/ReadEDP/RRAM/4096KB/4096KB.out,437278.285,2.392,20.837,7.384,0.778,53.502,115.833,675.044
/Users/sudo/CodeProjects/Tufts/EECE0193/Final_Project/EXPERIMENTS/Input/NVSim/iso_area/ReadEDP/PCRAM/16KB/16KB.out,,,,,,,,
/Users/sudo/CodeProjects/Tufts/EECE0193/Final_Project/EXPERIMENTS/Input/NVSim/iso_area/ReadEDP/PCRAM/32KB/32KB.out,,,,,,,,
/Users/sudo/CodeProjects/Tufts/EECE0193/Final_Project/EXPERIMENTS/Input/NVSim/iso_area/ReadEDP/PCRAM/64KB/64KB.out,,,,,,,,
/Users/sudo/CodeProjects/Tufts/EECE0193/Final_Project/EXPERIMENTS/Input/NVSim/iso_area/ReadEDP/PCRAM/128KB/128KB.out,,,,,,,,
/Users/sudo/CodeProjects/Tufts/EECE0193/Final_Project/EXPERIMENTS/Input/NVSim/iso_area/ReadEDP/PCRAM/256KB/256KB.out,,,,,,,,
/Users/sudo/CodeProjects/Tufts/EECE0193/Final_Project/EXPERIMENTS/Input/NVSim/iso_area/ReadEDP/PCRAM/512KB/512KB.out,,,,,,,,
/Users/sudo/CodeProjects/Tufts/EECE0193/Final_Project/EXPERIMENTS/Input/NVSim/iso_area/ReadEDP/PCRAM/1024KB/1024KB.out,,,,,,,,
/Users/sudo/CodeProjects/Tufts/EECE0193/Final_Project/EXPERIMENTS/Input/NVSim/iso_area/ReadEDP/PCRAM/2048KB/2048KB.out,,,,,,,,
/Users/sudo/CodeProjects/Tufts/EECE0193/Final_Project/EXPERIMENTS/Input/NVSim/iso_area/ReadEDP/PCRAM/4096KB/4096KB.out,,,,,,,,
/Users/sudo/CodeProjects/Tufts/EECE0193/Final_Project/EXPERIMENTS/Input/NVSim/iso_area/WriteEDP/STTRAM/16KB/16KB.out,9900.584,1.842,10.367,8.331,1.572,31.166,130.006,19.746
/Users/sudo/CodeProjects/Tufts/EECE0193/Final_Project/EXPERIMENTS/Input/NVSim/iso_area/WriteEDP/STTRAM/32KB/32KB.out,19801.169,1.848,10.370,8.331,1.572,32.820,131.660,39.493
/Users/sudo/CodeProjects/Tufts/EECE0193/Final_Project/EXPERIMENTS/Input/NVSim/iso_area/WriteEDP/STTRAM/64KB/64KB.out,27564.674,1.957,10.477,8.310,1.556,32.945,131.579,39.862
/Users/sudo/CodeProjects/Tufts/EECE0193/Final_Project/EXPERIMENTS/Input/NVSim/iso_area/WriteEDP/STTRAM/128KB/128KB.out,55129.348,1.969,10.483,8.310,1.556,35.381,134.015,79.724
/Users/sudo/CodeProjects/Tufts/EECE0193/Final_Project/EXPERIMENTS/Input/NVSim/iso_area/WriteEDP/STTRAM/256KB/256KB.out,93644.991,2.001,10.494,8.276,1.556,40.133,138.336,82.771
/Users/sudo/CodeProjects/Tufts/EECE0193/Final_Project/EXPERIMENTS/Input/NVSim/iso_area/WriteEDP/STTRAM/512KB/512KB.out,187289.982,2.035,10.511,8.276,1.556,44.358,142.562,165.541
/Users/sudo/CodeProjects/Tufts/EECE0193/Final_Project/EXPERIMENTS/Input/NVSim/iso_area/WriteEDP/STTRAM/1024KB/1024KB.out,293691.355,2.530,10.936,6.562,1.503,46.053,145.631,165.278
/Users/sudo/CodeProjects/Tufts/EECE0193/Final_Project/EXPERIMENTS/Input/NVSim/iso_area/WriteEDP/STTRAM/2048KB/2048KB.out,558139.732,2.627,10.976,6.520,1.503,55.213,153.849,177.625
/Users/sudo/CodeProjects/Tufts/EECE0193/Final_Project/EXPERIMENTS/Input/NVSim/iso_area/WriteEDP/STTRAM/4096KB/4096KB.out,1116000.0,3.011,11.168,6.520,1.503,69.723,168.359,355.251
/Users/sudo/CodeProjects/Tufts/EECE0193/Final_Project/EXPERIMENTS/Input/NVSim/iso_area/WriteEDP/SRAM/16KB/16KB.out,10965.937,0.599,0.599,29.041,38.907,3.438,0.739,1.523
/Users/sudo/CodeProjects/Tufts/EECE0193/Final_Project/EXPERIMENTS/Input/NVSim/iso_area/WriteEDP/SRAM/32KB/32KB.out,21234.090,0.747,0.747,15.194,29.071,5.659,1.031,2.998
/Users/sudo/CodeProjects/Tufts/EECE0193/Final_Project/EXPERIMENTS/Input/NVSim/iso_area/WriteEDP/SRAM/64KB/64KB.out,41090.063,1.044,1.044,13.779,19.163,11.165,1.376,5.634
/Users/sudo/CodeProjects/Tufts/EECE0193/Final_Project/EXPERIMENTS/Input/NVSim/iso_area/WriteEDP/SRAM/128KB/128KB.out,81101.086,1.372,1.372,7.036,14.180,20.022,1.964,11.184
/Users/sudo/CodeProjects/Tufts/EECE0193/Final_Project/EXPERIMENTS/Input/NVSim/iso_area/WriteEDP/SRAM/256KB/256KB.out,157356.512,2.362,2.362,6.171,7.635,39.824,2.646,20.959
/Users/sudo/CodeProjects/Tufts/EECE0193/Final_Project/EXPERIMENTS/Input/NVSim/iso_area/WriteEDP/SRAM/512KB/512KB.out,311183.038,3.054,3.054,3.044,5.809,75.178,3.819,41.736
/Users/sudo/CodeProjects/Tufts/EECE0193/Final_Project/EXPERIMENTS/Input/NVSim/iso_area/WriteEDP/SRAM/1024KB/1024KB.out,795507.641,0.763,0.571,77.817,61.457,39.312,35.188,112.335
/Users/sudo/CodeProjects/Tufts/EECE0193/Final_Project/EXPERIMENTS/Input/NVSim/iso_area/WriteEDP/SRAM/2048KB/2048KB.out,1505000.0,1.185,0.832,68.595,46.159,57.155,48.991,214.867
/Users/sudo/CodeProjects/Tufts/EECE0193/Final_Project/EXPERIMENTS/Input/NVSim/iso_area/WriteEDP/SRAM/4096KB/4096KB.out,2830000.0,1.883,1.202,45.165,41.545,79.862,67.355,404.056
/Users/sudo/CodeProjects/Tufts/EECE0193/Final_Project/EXPERIMENTS/Input/NVSim/iso_area/WriteEDP/RRAM/16KB/16KB.out,29379.061,1.856,20.329,10.178,0.792,25.996,82.666,77.776
/Users/sudo/CodeProjects/Tufts/EECE0193/Final_Project/EXPERIMENTS/Input/NVSim/iso_area/WriteEDP/RRAM/32KB/32KB.out,32729.504,1.890,20.361,10.069,0.791,26.535,83.664,77.907
/Users/sudo/CodeProjects/Tufts/EECE0193/Final_Project/EXPERIMENTS/Input/NVSim/iso_area/WriteEDP/RRAM/64KB/64KB.out,34174.678,1.917,20.431,9.666,0.789,27.111,85.161,78.349
/Users/sudo/CodeProjects/Tufts/EECE0193/Final_Project/EXPERIMENTS/Input/NVSim/iso_area/WriteEDP/RRAM/128KB/128KB.out,68349.356,1.926,20.436,9.666,0.789,29.237,87.286,156.698
/Users/sudo/CodeProjects/Tufts/EECE0193/Final_Project/EXPERIMENTS/Input/NVSim/iso_area/WriteEDP/RRAM/256KB/256KB.out,73623.947,1.998,20.560,8.840,0.784,30.371,90.266,157.745
/Users/sudo/CodeProjects/Tufts/EECE0193/Final_Project/EXPERIMENTS/Input/NVSim/iso_area/WriteEDP/RRAM/512KB/512KB.out,147247.894,2.038,20.580,8.840,0.784,34.966,94.861,315.490
/Users/sudo/CodeProjects/Tufts/EECE0193/Final_Project/EXPERIMENTS/Input/NVSim/iso_area/WriteEDP/RRAM/1024KB/1024KB.out,174730.013,2.129,20.591,8.530,0.784,41.814,100.316,329.147
/Users/sudo/CodeProjects/Tufts/EECE0193/Final_Project/EXPERIMENTS/Input/NVSim/iso_area/WriteEDP/RRAM/2048KB/2048KB.out,349460.026,2.185,20.619,8.530,0.784,47.361,105.863,658.294
/Users/sudo/CodeProjects/Tufts/EECE0193/Final_Project/EXPERIMENTS/Input/NVSim/iso_area/WriteEDP/RRAM/4096KB/4096KB.out,437278.285,2.392,20.837,7.384,0.778,53.502,115.833,675.044
/Users/sudo/CodeProjects/Tufts/EECE0193/Final_Project/EXPERIMENTS/Input/NVSim/iso_area/WriteEDP/PCRAM/16KB/16KB.out,,,,,,,,
/Users/sudo/CodeProjects/Tufts/EECE0193/Final_Project/EXPERIMENTS/Input/NVSim/iso_area/WriteEDP/PCRAM/32KB/32KB.out,,,,,,,,
/Users/sudo/CodeProjects/Tufts/EECE0193/Final_Project/EXPERIMENTS/Input/NVSim/iso_area/WriteEDP/PCRAM/64KB/64KB.out,,,,,,,,
/Users/sudo/CodeProjects/Tufts/EECE0193/Final_Project/EXPERIMENTS/Input/NVSim/iso_area/WriteEDP/PCRAM/128KB/128KB.out,,,,,,,,
/Users/sudo/CodeProjects/Tufts/EECE0193/Final_Project/EXPERIMENTS/Input/NVSim/iso_area/WriteEDP/PCRAM/256KB/256KB.out,,,,,,,,
/Users/sudo/CodeProjects/Tufts/EECE0193/Final_Project/EXPERIMENTS/Input/NVSim/iso_area/WriteEDP/PCRAM/512KB/512KB.out,,,,,,,,
/Users/sudo/CodeProjects/Tufts/EECE0193/Final_Project/EXPERIMENTS/Input/NVSim/iso_area/WriteEDP/PCRAM/1024KB/1024KB.out,,,,,,,,
/Users/sudo/CodeProjects/Tufts/EECE0193/Final_Project/EXPERIMENTS/Input/NVSim/iso_area/WriteEDP/PCRAM/2048KB/2048KB.out,,,,,,,,
/Users/sudo/CodeProjects/Tufts/EECE0193/Final_Project/EXPERIMENTS/Input/NVSim/iso_area/WriteEDP/PCRAM/4096KB/4096KB.out,,,,,,,,
/Users/sudo/CodeProjects/Tufts/EECE0193/Final_Project/EXPERIMENTS/Input/NVSim/iso_area/LeakagePower/STTRAM/16KB/16KB.out,8509.563,2.266,10.792,10.049,1.504,32.820,129.983,19.460
/Users/sudo/CodeProjects/Tufts/EECE0193/Final_Project/EXPERIMENTS/Input/NVSim/iso_area/LeakagePower/STTRAM/32KB/32KB.out,12520.284,2.316,10.839,9.395,1.504,32.830,130.350,19.634
/Users/sudo/CodeProjects/Tufts/EECE0193/Final_Project/EXPERIMENTS/Input/NVSim/iso_area/LeakagePower/STTRAM/64KB/64KB.out,20539.174,2.330,10.844,8.269,1.504,32.860,131.083,19.976
/Users/sudo/CodeProjects/Tufts/EECE0193/Final_Project/EXPERIMENTS/Input/NVSim/iso_area/LeakagePower/STTRAM/128KB/128KB.out,34892.352,3.699,12.196,8.190,1.337,35.024,132.448,20.055
/Users/sudo/CodeProjects/Tufts/EECE0193/Final_Project/EXPERIMENTS/Input/NVSim/iso_area/LeakagePower/STTRAM/256KB/256KB.out,64843.005,3.759,12.218,6.512,1.337,35.235,133.914,20.742
/Users/sudo/CodeProjects/Tufts/EECE0193/Final_Project/EXPERIMENTS/Input/NVSim/iso_area/LeakagePower/STTRAM/512KB/512KB.out,121186.023,8.948,17.376,6.418,0.937,39.754,136.634,20.892
/Users/sudo/CodeProjects/Tufts/EECE0193/Final_Project/EXPERIMENTS/Input/NVSim/iso_area/LeakagePower/STTRAM/1024KB/1024KB.out,236030.837,9.096,17.391,4.387,0.936,41.413,139.565,22.254
/Users/sudo/CodeProjects/Tufts/EECE0193/Final_Project/EXPERIMENTS/Input/NVSim/iso_area/LeakagePower/STTRAM/2048KB/2048KB.out,460516.691,29.318,37.549,4.305,0.431,52.099,145.019,23.249
/Users/sudo/CodeProjects/Tufts/EECE0193/Final_Project/EXPERIMENTS/Input/NVSim/iso_area/LeakagePower/STTRAM/4096KB/4096KB.out,912255.755,29.797,37.580,2.438,0.431,63.893,150.878,26.670
/Users/sudo/CodeProjects/Tufts/EECE0193/Final_Project/EXPERIMENTS/Input/NVSim/iso_area/LeakagePower/SRAM/16KB/16KB.out,10800.700,0.76,0.76,39.788,26.273,4.140,1.045,1.446
/Users/sudo/CodeProjects/Tufts/EECE0193/Final_Project/EXPERIMENTS/Input/NVSim/iso_area/LeakagePower/SRAM/32KB/32KB.out,22642.214,1.500,1.500,41.350,12.079,6.221,2.069,2.815
/Users/sudo/CodeProjects/Tufts/EECE0193/Final_Project/EXPERIMENTS/Input/NVSim/iso_area/LeakagePower/SRAM/64KB/64KB.out,40262.248,1.768,1.768,18.680,10.382,12.533,1.972,5.312
/Users/sudo/CodeProjects/Tufts/EECE0193/Final_Project/EXPERIMENTS/Input/NVSim/iso_area/LeakagePower/SRAM/128KB/128KB.out,78984.622,1.987,1.987,11.181,9.131,21.369,2.263,10.513
/Users/sudo/CodeProjects/Tufts/EECE0193/Final_Project/EXPERIMENTS/Input/NVSim/iso_area/LeakagePower/SRAM/256KB/256KB.out,154489.594,5.095,5.095,8.020,3.323,41.887,3.537,20.303
/Users/sudo/CodeProjects/Tufts/EECE0193/Final_Project/EXPERIMENTS/Input/NVSim/iso_area/LeakagePower/SRAM/512KB/512KB.out,306468.659,5.678,5.678,4.755,2.982,77.202,4.119,40.420
/Users/sudo/CodeProjects/Tufts/EECE0193/Final_Project/EXPERIMENTS/Input/NVSim/iso_area/LeakagePower/SRAM/1024KB/1024KB.out,605947.663,17.164,17.164,3.225,0.955,154.082,6.853,79.421
/Users/sudo/CodeProjects/Tufts/EECE0193/Final_Project/EXPERIMENTS/Input/NVSim/iso_area/LeakagePower/SRAM/2048KB/2048KB.out,1207000.0,18.742,18.742,1.880,0.874,295.276,8.016,158.504
/Users/sudo/CodeProjects/Tufts/EECE0193/Final_Project/EXPERIMENTS/Input/NVSim/iso_area/LeakagePower/SRAM/4096KB/4096KB.out,2400000.0,62.426,62.426,1.213,0.259,589.076,13.122,314.920
/Users/sudo/CodeProjects/Tufts/EECE0193/Final_Project/EXPERIMENTS/Input/NVSim/iso_area/LeakagePower/RRAM/16KB/16KB.out,12441.980,1.900,20.543,8.410,0.786,20.920,85.573,19.495
/Users/sudo/CodeProjects/Tufts/EECE0193/Final_Project/EXPERIMENTS/Input/NVSim/iso_area/LeakagePower/RRAM/32KB/32KB.out,9202.993,1.984,20.553,8.840,0.784,26.351,86.246,19.718
/Users/sudo/CodeProjects/Tufts/EECE0193/Final_Project/EXPERIMENTS/Input/NVSim/iso_area/LeakagePower/RRAM/64KB/64KB.out,10623.110,2.159,20.751,7.585,0.778,28.077,91.739,19.980
/Users/sudo/CodeProjects/Tufts/EECE0193/Final_Project/EXPERIMENTS/Input/NVSim/iso_area/LeakagePower/RRAM/128KB/128KB.out,13368.391,2.441,21.052,5.847,0.767,31.466,102.664,20.499
/Users/sudo/CodeProjects/Tufts/EECE0193/Final_Project/EXPERIMENTS/Input/NVSim/iso_area/LeakagePower/RRAM/256KB/256KB.out,18679.196,3.013,21.688,4.002,0.745,37.885,123.680,21.538
/Users/sudo/CodeProjects/Tufts/EECE0193/Final_Project/EXPERIMENTS/Input/NVSim/iso_area/LeakagePower/RRAM/512KB/512KB.out,29594.314,3.097,21.719,3.984,0.745,59.803,144.301,24.208
/Users/sudo/CodeProjects/Tufts/EECE0193/Final_Project/EXPERIMENTS/Input/NVSim/iso_area/LeakagePower/RRAM/1024KB/1024KB.out,59188.627,3.099,21.720,3.984,0.745,60.872,145.370,48.417
/Users/sudo/CodeProjects/Tufts/EECE0193/Final_Project/EXPERIMENTS/Input/NVSim/iso_area/LeakagePower/RRAM/2048KB/2048KB.out,102792.155,3.407,21.855,3.948,0.745,105.772,187.673,61.128
/Users/sudo/CodeProjects/Tufts/EECE0193/Final_Project/EXPERIMENTS/Input/NVSim/iso_area/LeakagePower/RRAM/4096KB/4096KB.out,205584.309,3.412,21.858,3.948,0.745,107.694,189.596,122.255
/Users/sudo/CodeProjects/Tufts/EECE0193/Final_Project/EXPERIMENTS/Input/NVSim/iso_area/LeakagePower/PCRAM/16KB/16KB.out,,,,,,,,
/Users/sudo/CodeProjects/Tufts/EECE0193/Final_Project/EXPERIMENTS/Input/NVSim/iso_area/LeakagePower/PCRAM/32KB/32KB.out,,,,,,,,
/Users/sudo/CodeProjects/Tufts/EECE0193/Final_Project/EXPERIMENTS/Input/NVSim/iso_area/LeakagePower/PCRAM/64KB/64KB.out,,,,,,,,
/Users/sudo/CodeProjects/Tufts/EECE0193/Final_Project/EXPERIMENTS/Input/NVSim/iso_area/LeakagePower/PCRAM/128KB/128KB.out,,,,,,,,
/Users/sudo/CodeProjects/Tufts/EECE0193/Final_Project/EXPERIMENTS/Input/NVSim/iso_area/LeakagePower/PCRAM/256KB/256KB.out,,,,,,,,
/Users/sudo/CodeProjects/Tufts/EECE0193/Final_Project/EXPERIMENTS/Input/NVSim/iso_area/LeakagePower/PCRAM/512KB/512KB.out,,,,,,,,
/Users/sudo/CodeProjects/Tufts/EECE0193/Final_Project/EXPERIMENTS/Input/NVSim/iso_area/LeakagePower/PCRAM/1024KB/1024KB.out,,,,,,,,
/Users/sudo/CodeProjects/Tufts/EECE0193/Final_Project/EXPERIMENTS/Input/NVSim/iso_area/LeakagePower/PCRAM/2048KB/2048KB.out,,,,,,,,
/Users/sudo/CodeProjects/Tufts/EECE0193/Final_Project/EXPERIMENTS/Input/NVSim/iso_area/LeakagePower/PCRAM/4096KB/4096KB.out,,,,,,,,
/Users/sudo/CodeProjects/Tufts/EECE0193/Final_Project/EXPERIMENTS/Input/NVSim/iso_area/Area/STTRAM/16KB/16KB.out,8509.563,2.266,10.792,10.049,1.504,32.820,129.983,19.460
/Users/sudo/CodeProjects/Tufts/EECE0193/Final_Project/EXPERIMENTS/Input/NVSim/iso_area/Area/STTRAM/32KB/32KB.out,12520.284,2.316,10.839,9.395,1.504,32.830,130.350,19.634
/Users/sudo/CodeProjects/Tufts/EECE0193/Final_Project/EXPERIMENTS/Input/NVSim/iso_area/Area/STTRAM/64KB/64KB.out,20539.174,2.330,10.844,8.269,1.504,32.860,131.083,19.976
/Users/sudo/CodeProjects/Tufts/EECE0193/Final_Project/EXPERIMENTS/Input/NVSim/iso_area/Area/STTRAM/128KB/128KB.out,34892.352,3.699,12.196,8.190,1.337,35.024,132.448,20.055
/Users/sudo/CodeProjects/Tufts/EECE0193/Final_Project/EXPERIMENTS/Input/NVSim/iso_area/Area/STTRAM/256KB/256KB.out,64843.005,3.759,12.218,6.512,1.337,35.235,133.914,20.742
/Users/sudo/CodeProjects/Tufts/EECE0193/Final_Project/EXPERIMENTS/Input/NVSim/iso_area/Area/STTRAM/512KB/512KB.out,121186.023,8.948,17.376,6.418,0.937,39.754,136.634,20.892
/Users/sudo/CodeProjects/Tufts/EECE0193/Final_Project/EXPERIMENTS/Input/NVSim/iso_area/Area/STTRAM/1024KB/1024KB.out,236030.837,9.096,17.391,4.387,0.936,41.413,139.565,22.254
/Users/sudo/CodeProjects/Tufts/EECE0193/Final_Project/EXPERIMENTS/Input/NVSim/iso_area/Area/STTRAM/2048KB/2048KB.out,460516.691,29.318,37.549,4.305,0.431,52.099,145.019,23.249
/Users/sudo/CodeProjects/Tufts/EECE0193/Final_Project/EXPERIMENTS/Input/NVSim/iso_area/Area/STTRAM/4096KB/4096KB.out,912255.755,29.797,37.580,2.438,0.431,63.893,150.878,26.670
/Users/sudo/CodeProjects/Tufts/EECE0193/Final_Project/EXPERIMENTS/Input/NVSim/iso_area/Area/SRAM/16KB/16KB.out,10501.780,0.783,0.783,37.610,25.307,3.917,0.961,1.463
/Users/sudo/CodeProjects/Tufts/EECE0193/Final_Project/EXPERIMENTS/Input/NVSim/iso_area/Area/SRAM/32KB/32KB.out,20521.916,0.918,0.918,23.503,22.300,6.130,1.107,2.851
/Users/sudo/CodeProjects/Tufts/EECE0193/Final_Project/EXPERIMENTS/Input/NVSim/iso_area/Area/SRAM/64KB/64KB.out,39646.851,1.840,1.840,17.219,9.914,12.018,1.783,5.370
/Users/sudo/CodeProjects/Tufts/EECE0193/Final_Project/EXPERIMENTS/Input/NVSim/iso_area/Area/SRAM/128KB/128KB.out,78370.000,2.054,2.054,10.686,8.798,20.854,2.074,10.570
/Users/sudo/CodeProjects/Tufts/EECE0193/Final_Project/EXPERIMENTS/Input/NVSim/iso_area/Area/SRAM/256KB/256KB.out,153523.106,5.288,5.288,7.315,3.196,41.373,3.347,20.435
/Users/sudo/CodeProjects/Tufts/EECE0193/Final_Project/EXPERIMENTS/Input/NVSim/iso_area/Area/SRAM/512KB/512KB.out,305503.730,5.851,5.851,4.522,2.889,76.687,3.929,40.551
/Users/sudo/CodeProjects/Tufts/EECE0193/Final_Project/EXPERIMENTS/Input/NVSim/iso_area/Area/SRAM/1024KB/1024KB.out,604022.472,17.682,17.682,2.920,0.926,153.008,6.477,79.710
/Users/sudo/CodeProjects/Tufts/EECE0193/Final_Project/EXPERIMENTS/Input/NVSim/iso_area/Area/SRAM/2048KB/2048KB.out,1205000.0,19.203,19.203,1.783,0.853,294.203,7.640,158.792
/Users/sudo/CodeProjects/Tufts/EECE0193/Final_Project/EXPERIMENTS/Input/NVSim/iso_area/Area/SRAM/4096KB/4096KB.out,2397000.0,63.767,63.767,1.101,0.253,588.001,12.745,315.525
/Users/sudo/CodeProjects/Tufts/EECE0193/Final_Project/EXPERIMENTS/Input/NVSim/iso_area/Area/RRAM/16KB/16KB.out,8543.669,1.915,20.430,9.666,0.789,25.507,83.556,19.587
/Users/sudo/CodeProjects/Tufts/EECE0193/Final_Project/EXPERIMENTS/Input/NVSim/iso_area/Area/RRAM/32KB/32KB.out,9202.993,1.984,20.553,8.840,0.784,26.351,86.246,19.718
/Users/sudo/CodeProjects/Tufts/EECE0193/Final_Project/EXPERIMENTS/Input/NVSim/iso_area/Area/RRAM/64KB/64KB.out,10623.110,2.159,20.751,7.585,0.778,28.077,91.739,19.980
/Users/sudo/CodeProjects/Tufts/EECE0193/Final_Project/EXPERIMENTS/Input/NVSim/iso_area/Area/RRAM/128KB/128KB.out,13368.391,2.441,21.052,5.847,0.767,31.466,102.664,20.499
/Users/sudo/CodeProjects/Tufts/EECE0193/Final_Project/EXPERIMENTS/Input/NVSim/iso_area/Area/RRAM/256KB/256KB.out,18679.196,3.013,21.688,4.002,0.745,37.885,123.680,21.538
/Users/sudo/CodeProjects/Tufts/EECE0193/Final_Project/EXPERIMENTS/Input/NVSim/iso_area/Area/RRAM/512KB/512KB.out,29594.314,3.097,21.719,3.984,0.745,59.803,144.301,24.208
/Users/sudo/CodeProjects/Tufts/EECE0193/Final_Project/EXPERIMENTS/Input/NVSim/iso_area/Area/RRAM/1024KB/1024KB.out,59188.627,3.099,21.720,3.984,0.745,60.872,145.370,48.417
/Users/sudo/CodeProjects/Tufts/EECE0193/Final_Project/EXPERIMENTS/Input/NVSim/iso_area/Area/RRAM/2048KB/2048KB.out,102792.155,3.407,21.855,3.948,0.745,105.772,187.673,61.128
/Users/sudo/CodeProjects/Tufts/EECE0193/Final_Project/EXPERIMENTS/Input/NVSim/iso_area/Area/RRAM/4096KB/4096KB.out,205584.309,3.412,21.858,3.948,0.745,107.694,189.596,122.255
/Users/sudo/CodeProjects/Tufts/EECE0193/Final_Project/EXPERIMENTS/Input/NVSim/iso_area/Area/PCRAM/16KB/16KB.out,,,,,,,,
/Users/sudo/CodeProjects/Tufts/EECE0193/Final_Project/EXPERIMENTS/Input/NVSim/iso_area/Area/PCRAM/32KB/32KB.out,,,,,,,,
/Users/sudo/CodeProjects/Tufts/EECE0193/Final_Project/EXPERIMENTS/Input/NVSim/iso_area/Area/PCRAM/64KB/64KB.out,,,,,,,,
/Users/sudo/CodeProjects/Tufts/EECE0193/Final_Project/EXPERIMENTS/Input/NVSim/iso_area/Area/PCRAM/128KB/128KB.out,,,,,,,,
/Users/sudo/CodeProjects/Tufts/EECE0193/Final_Project/EXPERIMENTS/Input/NVSim/iso_area/Area/PCRAM/256KB/256KB.out,,,,,,,,
/Users/sudo/CodeProjects/Tufts/EECE0193/Final_Project/EXPERIMENTS/Input/NVSim/iso_area/Area/PCRAM/512KB/512KB.out,,,,,,,,
/Users/sudo/CodeProjects/Tufts/EECE0193/Final_Project/EXPERIMENTS/Input/NVSim/iso_area/Area/PCRAM/1024KB/1024KB.out,,,,,,,,
/Users/sudo/CodeProjects/Tufts/EECE0193/Final_Project/EXPERIMENTS/Input/NVSim/iso_area/Area/PCRAM/2048KB/2048KB.out,,,,,,,,
/Users/sudo/CodeProjects/Tufts/EECE0193/Final_Project/EXPERIMENTS/Input/NVSim/iso_area/Area/PCRAM/4096KB/4096KB.out,,,,,,,,
/Users/sudo/CodeProjects/Tufts/EECE0193/Final_Project/EXPERIMENTS/Input/NVSim/iso_capacity/ReadLatency/STTRAM/16KB/16KB.out,86384.290,1.648,10.160,10.761,1.594,43.931,141.192,308.993
/Users/sudo/CodeProjects/Tufts/EECE0193/Final_Project/EXPERIMENTS/Input/NVSim/iso_capacity/ReadLatency/STTRAM/32KB/32KB.out,43393.687,1.674,10.195,10.116,1.588,41.562,139.140,78.337
/Users/sudo/CodeProjects/Tufts/EECE0193/Final_Project/EXPERIMENTS/Input/NVSim/iso_capacity/ReadLatency/STTRAM/64KB/64KB.out,86787.374,1.688,10.202,10.116,1.588,44.843,142.420,156.675
/Users/sudo/CodeProjects/Tufts/EECE0193/Final_Project/EXPERIMENTS/Input/NVSim/iso_capacity/ReadLatency/STTRAM/128KB/128KB.out,173574.749,1.742,10.229,10.116,1.588,50.572,148.150,313.350
/Users/sudo/CodeProjects/Tufts/EECE0193/Final_Project/EXPERIMENTS/Input/NVSim/iso_capacity/ReadLatency/STTRAM/256KB/256KB.out,171126.657,1.812,10.288,8.314,1.588,52.608,151.261,163.981
/Users/sudo/CodeProjects/Tufts/EECE0193/Final_Project/EXPERIMENTS/Input/NVSim/iso_capacity/ReadLatency/STTRAM/512KB/512KB.out,246291.778,1.911,10.386,8.281,1.575,51.041,149.182,176.874
/Users/sudo/CodeProjects/Tufts/EECE0193/Final_Project/EXPERIMENTS/Input/NVSim/iso_capacity/ReadLatency/STTRAM/1024KB/1024KB.out,543128.201,2.064,10.438,9.965,1.572,63.214,159.449,665.295
/Users/sudo/CodeProjects/Tufts/EECE0193/Final_Project/EXPERIMENTS/Input/NVSim/iso_capacity/ReadLatency/STTRAM/2048KB/2048KB.out,775236.794,2.216,10.548,8.213,1.570,68.275,165.540,382.681
/Users/sudo/CodeProjects/Tufts/EECE0193/Final_Project/EXPERIMENTS/Input/NVSim/iso_capacity/ReadLatency/STTRAM/4096KB/4096KB.out,1550000.0,2.664,10.772,8.213,1.570,83.964,181.228,765.362
/Users/sudo/CodeProjects/Tufts/EECE0193/Final_Project/EXPERIMENTS/Input/NVSim/iso_capacity/ReadLatency/SRAM/16KB/16KB.out,46161.307,0.102,0.09,373.830,280.426,9.326,8.545,4.577
/Users/sudo/CodeProjects/Tufts/EECE0193/Final_Project/EXPERIMENTS/Input/NVSim/iso_capacity/ReadLatency/SRAM/32KB/32KB.out,69922.156,0.137,0.119,234.602,194.872,11.090,10.556,7.632
/Users/sudo/CodeProjects/Tufts/EECE0193/Final_Project/EXPERIMENTS/Input/NVSim/iso_capacity/ReadLatency/SRAM/64KB/64KB.out,138308.477,0.184,0.152,211.607,163.797,15.981,14.917,14.254
/Users/sudo/CodeProjects/Tufts/EECE0193/Final_Project/EXPERIMENTS/Input/NVSim/iso_capacity/ReadLatency/SRAM/128KB/128KB.out,168520.648,0.252,0.211,190.131,167.909,18.754,17.005,16.641
/Users/sudo/CodeProjects/Tufts/EECE0193/Final_Project/EXPERIMENTS/Input/NVSim/iso_capacity/ReadLatency/SRAM/256KB/256KB.out,246608.565,0.37,0.304,120.884,99.562,22.841,21.324,27.987
/Users/sudo/CodeProjects/Tufts/EECE0193/Final_Project/EXPERIMENTS/Input/NVSim/iso_capacity/ReadLatency/SRAM/512KB/512KB.out,585999.508,0.54,0.406,145.645,94.246,33.654,31.083,83.385
/Users/sudo/CodeProjects/Tufts/EECE0193/Final_Project/EXPERIMENTS/Input/NVSim/iso_capacity/ReadLatency/SRAM/1024KB/1024KB.out,892661.510,0.754,0.544,80.837,70.941,43.117,38.944,121.209
/Users/sudo/CodeProjects/Tufts/EECE0193/Final_Project/EXPERIMENTS/Input/NVSim/iso_capacity/ReadLatency/SRAM/2048KB/2048KB.out,1593000.0,1.154,0.77,74.786,59.551,62.400,54.081,229.041
/Users/sudo/CodeProjects/Tufts/EECE0193/Final_Project/EXPERIMENTS/Input/NVSim/iso_capacity/ReadLatency/SRAM/4096KB/4096KB.out,3010000.0,1.855,1.141,48.276,52.669,85.759,73.098,427.646
/Users/sudo/CodeProjects/Tufts/EECE0193/Final_Project/EXPERIMENTS/Input/NVSim/iso_capacity/ReadLatency/RRAM/16KB/16KB.out,70316.972,1.708,20.299,9.606,0.794,32.066,93.016,39.240
/Users/sudo/CodeProjects/Tufts/EECE0193/Final_Project/EXPERIMENTS/Input/NVSim/iso_capacity/ReadLatency/RRAM/32KB/32KB.out,140633.944,1.739,20.315,9.606,0.794,38.051,99.001,78.479
/Users/sudo/CodeProjects/Tufts/EECE0193/Final_Project/EXPERIMENTS/Input/NVSim/iso_capacity/ReadLatency/RRAM/64KB/64KB.out,72897.909,1.770,20.362,9.398,0.791,32.666,93.168,78.768
/Users/sudo/CodeProjects/Tufts/EECE0193/Final_Project/EXPERIMENTS/Input/NVSim/iso_capacity/ReadLatency/RRAM/128KB/128KB.out,145795.817,1.807,20.381,9.398,0.791,37.380,97.882,157.536
/Users/sudo/CodeProjects/Tufts/EECE0193/Final_Project/EXPERIMENTS/Input/NVSim/iso_capacity/ReadLatency/RRAM/256KB/256KB.out,91158.558,1.852,20.477,7.121,0.789,37.553,109.267,82.086
/Users/sudo/CodeProjects/Tufts/EECE0193/Final_Project/EXPERIMENTS/Input/NVSim/iso_capacity/ReadLatency/RRAM/512KB/512KB.out,256288.978,1.909,20.494,7.114,0.789,50.507,122.339,168.852
/Users/sudo/CodeProjects/Tufts/EECE0193/Final_Project/EXPERIMENTS/Input/NVSim/iso_capacity/ReadLatency/RRAM/1024KB/1024KB.out,239589.012,1.950,20.508,7.039,0.789,55.451,126.470,181.583
/Users/sudo/CodeProjects/Tufts/EECE0193/Final_Project/EXPERIMENTS/Input/NVSim/iso_capacity/ReadLatency/RRAM/2048KB/2048KB.out,327564.767,2.013,20.621,5.343,0.786,66.547,152.163,194.460
/Users/sudo/CodeProjects/Tufts/EECE0193/Final_Project/EXPERIMENTS/Input/NVSim/iso_capacity/ReadLatency/RRAM/4096KB/4096KB.out,655129.534,2.197,20.713,5.343,0.786,77.818,163.434,388.921
/Users/sudo/CodeProjects/Tufts/EECE0193/Final_Project/EXPERIMENTS/Input/NVSim/iso_capacity/ReadLatency/PCRAM/16KB/16KB.out,,,,,,,,
/Users/sudo/CodeProjects/Tufts/EECE0193/Final_Project/EXPERIMENTS/Input/NVSim/iso_capacity/ReadLatency/PCRAM/32KB/32KB.out,,,,,,,,
/Users/sudo/CodeProjects/Tufts/EECE0193/Final_Project/EXPERIMENTS/Input/NVSim/iso_capacity/ReadLatency/PCRAM/64KB/64KB.out,,,,,,,,
/Users/sudo/CodeProjects/Tufts/EECE0193/Final_Project/EXPERIMENTS/Input/NVSim/iso_capacity/ReadLatency/PCRAM/128KB/128KB.out,,,,,,,,
/Users/sudo/CodeProjects/Tufts/EECE0193/Final_Project/EXPERIMENTS/Input/NVSim/iso_capacity/ReadLatency/PCRAM/256KB/256KB.out,,,,,,,,
/Users/sudo/CodeProjects/Tufts/EECE0193/Final_Project/EXPERIMENTS/Input/NVSim/iso_capacity/ReadLatency/PCRAM/512KB/512KB.out,,,,,,,,
/Users/sudo/CodeProjects/Tufts/EECE0193/Final_Project/EXPERIMENTS/Input/NVSim/iso_capacity/ReadLatency/PCRAM/1024KB/1024KB.out,,,,,,,,
/Users/sudo/CodeProjects/Tufts/EECE0193/Final_Project/EXPERIMENTS/Input/NVSim/iso_capacity/ReadLatency/PCRAM/2048KB/2048KB.out,,,,,,,,
/Users/sudo/CodeProjects/Tufts/EECE0193/Final_Project/EXPERIMENTS/Input/NVSim/iso_capacity/ReadLatency/PCRAM/4096KB/4096KB.out,,,,,,,,
/Users/sudo/CodeProjects/Tufts/EECE0193/Final_Project/EXPERIMENTS/Input/NVSim/iso_capacity/WriteLatency/STTRAM/16KB/16KB.out,86384.290,1.648,10.160,10.761,1.594,43.931,141.192,308.993
/Users/sudo/CodeProjects/Tufts/EECE0193/Final_Project/EXPERIMENTS/Input/NVSim/iso_capacity/WriteLatency/STTRAM/32KB/32KB.out,43393.687,1.674,10.195,10.116,1.588,41.562,139.140,78.337
/Users/sudo/CodeProjects/Tufts/EECE0193/Final_Project/EXPERIMENTS/Input/NVSim/iso_capacity/WriteLatency/STTRAM/64KB/64KB.out,86787.374,1.688,10.202,10.116,1.588,44.843,142.420,156.675
/Users/sudo/CodeProjects/Tufts/EECE0193/Final_Project/EXPERIMENTS/Input/NVSim/iso_capacity/WriteLatency/STTRAM/128KB/128KB.out,173574.749,1.742,10.229,10.116,1.588,50.572,148.150,313.350
/Users/sudo/CodeProjects/Tufts/EECE0193/Final_Project/EXPERIMENTS/Input/NVSim/iso_capacity/WriteLatency/STTRAM/256KB/256KB.out,171126.657,1.812,10.288,8.314,1.588,52.608,151.261,163.981
/Users/sudo/CodeProjects/Tufts/EECE0193/Final_Project/EXPERIMENTS/Input/NVSim/iso_capacity/WriteLatency/STTRAM/512KB/512KB.out,413514.033,1.924,10.352,10.066,1.578,56.821,153.901,642.628
/Users/sudo/CodeProjects/Tufts/EECE0193/Final_Project/EXPERIMENTS/Input/NVSim/iso_capacity/WriteLatency/STTRAM/1024KB/1024KB.out,651458.769,2.102,10.432,9.967,1.578,69.456,165.642,679.355
/Users/sudo/CodeProjects/Tufts/EECE0193/Final_Project/EXPERIMENTS/Input/NVSim/iso_capacity/WriteLatency/STTRAM/2048KB/2048KB.out,903846.757,2.230,10.537,8.214,1.575,74.728,171.944,404.503
/Users/sudo/CodeProjects/Tufts/EECE0193/Final_Project/EXPERIMENTS/Input/NVSim/iso_capacity/WriteLatency/STTRAM/4096KB/4096KB.out,1550000.0,2.664,10.772,8.213,1.570,83.964,181.228,765.362
/Users/sudo/CodeProjects/Tufts/EECE0193/Final_Project/EXPERIMENTS/Input/NVSim/iso_capacity/WriteLatency/SRAM/16KB/16KB.out,46161.307,0.102,0.09,373.830,280.426,9.326,8.545,4.577
/Users/sudo/CodeProjects/Tufts/EECE0193/Final_Project/EXPERIMENTS/Input/NVSim/iso_capacity/WriteLatency/SRAM/32KB/32KB.out,92322.613,0.149,0.114,373.830,280.426,14.168,13.387,9.155
/Users/sudo/CodeProjects/Tufts/EECE0193/Final_Project/EXPERIMENTS/Input/NVSim/iso_capacity/WriteLatency/SRAM/64KB/64KB.out,188242.493,0.191,0.146,290.879,206.344,18.831,17.275,15.596
/Users/sudo/CodeProjects/Tufts/EECE0193/Final_Project/EXPERIMENTS/Input/NVSim/iso_capacity/WriteLatency/SRAM/128KB/128KB.out,260712.831,0.265,0.197,191.038,151.326,21.742,20.770,29.494
/Users/sudo/CodeProjects/Tufts/EECE0193/Final_Project/EXPERIMENTS/Input/NVSim/iso_capacity/WriteLatency/SRAM/256KB/256KB.out,292069.853,0.379,0.282,157.099,142.143,25.165,23.906,31.914
/Users/sudo/CodeProjects/Tufts/EECE0193/Final_Project/EXPERIMENTS/Input/NVSim/iso_capacity/WriteLatency/SRAM/512KB/512KB.out,638282.226,0.545,0.398,149.225,98.107,36.045,33.397,74.722
/Users/sudo/CodeProjects/Tufts/EECE0193/Final_Project/EXPERIMENTS/Input/NVSim/iso_capacity/WriteLatency/SRAM/1024KB/1024KB.out,892661.510,0.754,0.544,80.837,70.941,43.117,38.944,121.209
/Users/sudo/CodeProjects/Tufts/EECE0193/Final_Project/EXPERIMENTS/Input/NVSim/iso_capacity/WriteLatency/SRAM/2048KB/2048KB.out,1593000.0,1.154,0.77,74.786,59.551,62.400,54.081,229.041
/Users/sudo/CodeProjects/Tufts/EECE0193/Final_Project/EXPERIMENTS/Input/NVSim/iso_capacity/WriteLatency/SRAM/4096KB/4096KB.out,3010000.0,1.855,1.141,48.276,52.669,85.759,73.098,427.646
/Users/sudo/CodeProjects/Tufts/EECE0193/Final_Project/EXPERIMENTS/Input/NVSim/iso_capacity/WriteLatency/RRAM/16KB/16KB.out,141825.153,1.738,20.173,10.178,0.797,37.159,93.304,310.675
/Users/sudo/CodeProjects/Tufts/EECE0193/Final_Project/EXPERIMENTS/Input/NVSim/iso_capacity/WriteLatency/RRAM/32KB/32KB.out,74151.958,1.751,20.213,10.018,0.796,33.783,90.273,155.918
/Users/sudo/CodeProjects/Tufts/EECE0193/Final_Project/EXPERIMENTS/Input/NVSim/iso_capacity/WriteLatency/RRAM/64KB/64KB.out,148303.916,1.788,20.232,10.018,0.796,38.418,94.908,311.836
/Users/sudo/CodeProjects/Tufts/EECE0193/Final_Project/EXPERIMENTS/Input/NVSim/iso_capacity/WriteLatency/RRAM/128KB/128KB.out,295233.628,1.873,20.290,10.081,0.795,45.815,102.765,312.894
/Users/sudo/CodeProjects/Tufts/EECE0193/Final_Project/EXPERIMENTS/Input/NVSim/iso_capacity/WriteLatency/RRAM/256KB/256KB.out,309682.623,1.893,20.343,9.756,0.794,47.959,105.829,322.100
/Users/sudo/CodeProjects/Tufts/EECE0193/Final_Project/EXPERIMENTS/Input/NVSim/iso_capacity/WriteLatency/RRAM/512KB/512KB.out,334461.338,1.912,20.411,9.220,0.791,50.504,110.220,328.900
/Users/sudo/CodeProjects/Tufts/EECE0193/Final_Project/EXPERIMENTS/Input/NVSim/iso_capacity/WriteLatency/RRAM/1024KB/1024KB.out,472532.415,2.144,20.475,9.373,0.791,52.466,109.041,668.983
/Users/sudo/CodeProjects/Tufts/EECE0193/Final_Project/EXPERIMENTS/Input/NVSim/iso_capacity/WriteLatency/RRAM/2048KB/2048KB.out,678394.723,2.466,20.546,8.943,0.791,62.988,115.928,1398.0
/Users/sudo/CodeProjects/Tufts/EECE0193/Final_Project/EXPERIMENTS/Input/NVSim/iso_capacity/WriteLatency/RRAM/4096KB/4096KB.out,759598.369,2.514,20.627,8.624,0.789,66.526,120.385,1457.0
/Users/sudo/CodeProjects/Tufts/EECE0193/Final_Project/EXPERIMENTS/Input/NVSim/iso_capacity/WriteLatency/PCRAM/16KB/16KB.out,,,,,,,,
/Users/sudo/CodeProjects/Tufts/EECE0193/Final_Project/EXPERIMENTS/Input/NVSim/iso_capacity/WriteLatency/PCRAM/32KB/32KB.out,,,,,,,,
/Users/sudo/CodeProjects/Tufts/EECE0193/Final_Project/EXPERIMENTS/Input/NVSim/iso_capacity/WriteLatency/PCRAM/64KB/64KB.out,,,,,,,,
/Users/sudo/CodeProjects/Tufts/EECE0193/Final_Project/EXPERIMENTS/Input/NVSim/iso_capacity/WriteLatency/PCRAM/128KB/128KB.out,,,,,,,,
/Users/sudo/CodeProjects/Tufts/EECE0193/Final_Project/EXPERIMENTS/Input/NVSim/iso_capacity/WriteLatency/PCRAM/256KB/256KB.out,,,,,,,,
/Users/sudo/CodeProjects/Tufts/EECE0193/Final_Project/EXPERIMENTS/Input/NVSim/iso_capacity/WriteLatency/PCRAM/512KB/512KB.out,,,,,,,,
/Users/sudo/CodeProjects/Tufts/EECE0193/Final_Project/EXPERIMENTS/Input/NVSim/iso_capacity/WriteLatency/PCRAM/1024KB/1024KB.out,,,,,,,,
/Users/sudo/CodeProjects/Tufts/EECE0193/Final_Project/EXPERIMENTS/Input/NVSim/iso_capacity/WriteLatency/PCRAM/2048KB/2048KB.out,,,,,,,,
/Users/sudo/CodeProjects/Tufts/EECE0193/Final_Project/EXPERIMENTS/Input/NVSim/iso_capacity/WriteLatency/PCRAM/4096KB/4096KB.out,,,,,,,,
/Users/sudo/CodeProjects/Tufts/EECE0193/Final_Project/EXPERIMENTS/Input/NVSim/iso_capacity/ReadDynamicEnergy/STTRAM/16KB/16KB.out,11093.172,1.865,10.400,6.607,1.570,30.881,131.272,19.892
/Users/sudo/CodeProjects/Tufts/EECE0193/Final_Project/EXPERIMENTS/Input/NVSim/iso_capacity/ReadDynamicEnergy/STTRAM/32KB/32KB.out,16656.354,2.014,10.623,4.475,1.539,30.955,134.203,20.557
/Users/sudo/CodeProjects/Tufts/EECE0193/Final_Project/EXPERIMENTS/Input/NVSim/iso_capacity/ReadDynamicEnergy/STTRAM/64KB/64KB.out,24360.965,2.053,10.649,4.472,1.534,31.329,134.404,21.298
/Users/sudo/CodeProjects/Tufts/EECE0193/Final_Project/EXPERIMENTS/Input/NVSim/iso_capacity/ReadDynamicEnergy/STTRAM/128KB/128KB.out,43607.861,2.537,11.454,2.490,1.428,31.745,140.268,23.374
/Users/sudo/CodeProjects/Tufts/EECE0193/Final_Project/EXPERIMENTS/Input/NVSim/iso_capacity/ReadDynamicEnergy/STTRAM/256KB/256KB.out,75636.693,2.647,11.535,2.488,1.419,32.808,140.631,24.711
/Users/sudo/CodeProjects/Tufts/EECE0193/Final_Project/EXPERIMENTS/Input/NVSim/iso_capacity/ReadDynamicEnergy/STTRAM/512KB/512KB.out,132075.625,3.022,11.840,2.485,1.382,34.921,141.344,24.755
/Users/sudo/CodeProjects/Tufts/EECE0193/Final_Project/EXPERIMENTS/Input/NVSim/iso_capacity/ReadDynamicEnergy/STTRAM/1024KB/1024KB.out,245580.037,4.388,12.841,2.478,1.275,39.057,142.704,24.830
/Users/sudo/CodeProjects/Tufts/EECE0193/Final_Project/EXPERIMENTS/Input/NVSim/iso_capacity/ReadDynamicEnergy/STTRAM/2048KB/2048KB.out,472061.674,9.118,17.401,4.387,0.936,44.811,142.964,44.508
/Users/sudo/CodeProjects/Tufts/EECE0193/Final_Project/EXPERIMENTS/Input/NVSim/iso_capacity/ReadDynamicEnergy/STTRAM/4096KB/4096KB.out,944123.348,9.204,17.444,4.387,0.936,51.656,149.808,89.017
/Users/sudo/CodeProjects/Tufts/EECE0193/Final_Project/EXPERIMENTS/Input/NVSim/iso_capacity/ReadDynamicEnergy/SRAM/16KB/16KB.out,12776.990,0.436,0.435,103.626,51.864,2.382,1.664,1.780
/Users/sudo/CodeProjects/Tufts/EECE0193/Final_Project/EXPERIMENTS/Input/NVSim/iso_capacity/ReadDynamicEnergy/SRAM/32KB/32KB.out,24447.693,0.699,0.699,71.254,28.855,3.414,2.009,3.374
/Users/sudo/CodeProjects/Tufts/EECE0193/Final_Project/EXPERIMENTS/Input/NVSim/iso_capacity/ReadDynamicEnergy/SRAM/64KB/64KB.out,48895.387,0.703,0.701,71.254,28.855,4.751,3.346,6.748
/Users/sudo/CodeProjects/Tufts/EECE0193/Final_Project/EXPERIMENTS/Input/NVSim/iso_capacity/ReadDynamicEnergy/SRAM/128KB/128KB.out,112095.860,1.510,1.506,45.697,12.033,6.748,4.524,15.616
/Users/sudo/CodeProjects/Tufts/EECE0193/Final_Project/EXPERIMENTS/Input/NVSim/iso_capacity/ReadDynamicEnergy/SRAM/256KB/256KB.out,188911.152,1.563,1.554,40.493,11.647,9.480,6.722,26.013
/Users/sudo/CodeProjects/Tufts/EECE0193/Final_Project/EXPERIMENTS/Input/NVSim/iso_capacity/ReadDynamicEnergy/SRAM/512KB/512KB.out,439635.715,4.485,4.471,21.183,3.775,13.357,8.979,60.222
/Users/sudo/CodeProjects/Tufts/EECE0193/Final_Project/EXPERIMENTS/Input/NVSim/iso_capacity/ReadDynamicEnergy/SRAM/1024KB/1024KB.out,741484.223,4.583,4.546,19.676,3.728,18.934,13.471,100.445
/Users/sudo/CodeProjects/Tufts/EECE0193/Final_Project/EXPERIMENTS/Input/NVSim/iso_capacity/ReadDynamicEnergy/SRAM/2048KB/2048KB.out,1741000.0,15.513,15.460,8.860,1.060,26.666,17.978,236.414
/Users/sudo/CodeProjects/Tufts/EECE0193/Final_Project/EXPERIMENTS/Input/NVSim/iso_capacity/ReadDynamicEnergy/SRAM/4096KB/4096KB.out,2938000.0,15.769,15.620,8.499,1.055,37.996,27.121,394.579
/Users/sudo/CodeProjects/Tufts/EECE0193/Final_Project/EXPERIMENTS/Input/NVSim/iso_capacity/ReadDynamicEnergy/RRAM/16KB/16KB.out,17014.210,1.891,20.556,7.109,0.786,20.666,92.914,19.543
/Users/sudo/CodeProjects/Tufts/EECE0193/Final_Project/EXPERIMENTS/Input/NVSim/iso_capacity/ReadDynamicEnergy/RRAM/32KB/32KB.out,18357.733,2.021,20.721,5.209,0.781,21.463,108.384,19.853
/Users/sudo/CodeProjects/Tufts/EECE0193/Final_Project/EXPERIMENTS/Input/NVSim/iso_capacity/ReadDynamicEnergy/RRAM/64KB/64KB.out,15382.798,2.262,20.959,4.847,0.771,23.346,110.105,20.222
/Users/sudo/CodeProjects/Tufts/EECE0193/Final_Project/EXPERIMENTS/Input/NVSim/iso_capacity/ReadDynamicEnergy/RRAM/128KB/128KB.out,30765.595,2.275,20.966,4.847,0.771,25.941,112.700,40.443
/Users/sudo/CodeProjects/Tufts/EECE0193/Final_Project/EXPERIMENTS/Input/NVSim/iso_capacity/ReadDynamicEnergy/RRAM/256KB/256KB.out,42492.439,2.163,20.753,7.585,0.778,30.056,93.719,79.921
/Users/sudo/CodeProjects/Tufts/EECE0193/Final_Project/EXPERIMENTS/Input/NVSim/iso_capacity/ReadDynamicEnergy/RRAM/512KB/512KB.out,84984.878,2.176,20.759,7.585,0.778,32.685,96.348,159.843
/Users/sudo/CodeProjects/Tufts/EECE0193/Final_Project/EXPERIMENTS/Input/NVSim/iso_capacity/ReadDynamicEnergy/RRAM/1024KB/1024KB.out,106947.124,2.468,21.065,5.847,0.767,37.234,108.433,163.993
/Users/sudo/CodeProjects/Tufts/EECE0193/Final_Project/EXPERIMENTS/Input/NVSim/iso_capacity/ReadDynamicEnergy/RRAM/2048KB/2048KB.out,213894.248,2.549,21.106,5.847,0.767,43.848,115.047,327.985
/Users/sudo/CodeProjects/Tufts/EECE0193/Final_Project/EXPERIMENTS/Input/NVSim/iso_capacity/ReadDynamicEnergy/RRAM/4096KB/4096KB.out,437278.285,2.392,20.837,7.384,0.778,53.502,115.833,675.044
/Users/sudo/CodeProjects/Tufts/EECE0193/Final_Project/EXPERIMENTS/Input/NVSim/iso_capacity/ReadDynamicEnergy/PCRAM/16KB/16KB.out,,,,,,,,
/Users/sudo/CodeProjects/Tufts/EECE0193/Final_Project/EXPERIMENTS/Input/NVSim/iso_capacity/ReadDynamicEnergy/PCRAM/32KB/32KB.out,,,,,,,,
/Users/sudo/CodeProjects/Tufts/EECE0193/Final_Project/EXPERIMENTS/Input/NVSim/iso_capacity/ReadDynamicEnergy/PCRAM/64KB/64KB.out,,,,,,,,
/Users/sudo/CodeProjects/Tufts/EECE0193/Final_Project/EXPERIMENTS/Input/NVSim/iso_capacity/ReadDynamicEnergy/PCRAM/128KB/128KB.out,,,,,,,,
/Users/sudo/CodeProjects/Tufts/EECE0193/Final_Project/EXPERIMENTS/Input/NVSim/iso_capacity/ReadDynamicEnergy/PCRAM/256KB/256KB.out,,,,,,,,
/Users/sudo/CodeProjects/Tufts/EECE0193/Final_Project/EXPERIMENTS/Input/NVSim/iso_capacity/ReadDynamicEnergy/PCRAM/512KB/512KB.out,,,,,,,,
/Users/sudo/CodeProjects/Tufts/EECE0193/Final_Project/EXPERIMENTS/Input/NVSim/iso_capacity/ReadDynamicEnergy/PCRAM/1024KB/1024KB.out,,,,,,,,
/Users/sudo/CodeProjects/Tufts/EECE0193/Final_Project/EXPERIMENTS/Input/NVSim/iso_capacity/ReadDynamicEnergy/PCRAM/2048KB/2048KB.out,,,,,,,,
/Users/sudo/CodeProjects/Tufts/EECE0193/Final_Project/EXPERIMENTS/Input/NVSim/iso_capacity/ReadDynamicEnergy/PCRAM/4096KB/4096KB.out,,,,,,,,
/Users/sudo/CodeProjects/Tufts/EECE0193/Final_Project/EXPERIMENTS/Input/NVSim/iso_capacity/WriteDynamicEnergy/STTRAM/16KB/16KB.out,37254.377,1.964,10.497,9.457,1.555,166.430,129.617,153.995
/Users/sudo/CodeProjects/Tufts/EECE0193/Final_Project/EXPERIMENTS/Input/NVSim/iso_capacity/WriteDynamicEnergy/STTRAM/32KB/32KB.out,67011.288,2.342,10.867,9.405,1.503,321.497,130.338,307.650
/Users/sudo/CodeProjects/Tufts/EECE0193/Final_Project/EXPERIMENTS/Input/NVSim/iso_capacity/WriteDynamicEnergy/STTRAM/64KB/64KB.out,25040.568,2.317,10.840,9.395,1.504,33.459,130.979,39.267
/Users/sudo/CodeProjects/Tufts/EECE0193/Final_Project/EXPERIMENTS/Input/NVSim/iso_capacity/WriteDynamicEnergy/STTRAM/128KB/128KB.out,41078.347,2.333,10.845,8.269,1.504,33.895,132.118,39.951
/Users/sudo/CodeProjects/Tufts/EECE0193/Final_Project/EXPERIMENTS/Input/NVSim/iso_capacity/WriteDynamicEnergy/STTRAM/256KB/256KB.out,79979.024,3.688,12.194,9.293,1.337,36.603,133.347,78.848
/Users/sudo/CodeProjects/Tufts/EECE0193/Final_Project/EXPERIMENTS/Input/NVSim/iso_capacity/WriteDynamicEnergy/STTRAM/512KB/512KB.out,139569.408,3.708,12.201,8.190,1.337,37.887,135.310,80.222
/Users/sudo/CodeProjects/Tufts/EECE0193/Final_Project/EXPERIMENTS/Input/NVSim/iso_capacity/WriteDynamicEnergy/STTRAM/1024KB/1024KB.out,255340.325,8.897,17.359,8.042,0.937,42.086,137.910,80.819
/Users/sudo/CodeProjects/Tufts/EECE0193/Final_Project/EXPERIMENTS/Input/NVSim/iso_capacity/WriteDynamicEnergy/STTRAM/2048KB/2048KB.out,510680.650,8.922,17.371,8.042,0.937,45.777,141.601,161.639
/Users/sudo/CodeProjects/Tufts/EECE0193/Final_Project/EXPERIMENTS/Input/NVSim/iso_capacity/WriteDynamicEnergy/STTRAM/4096KB/4096KB.out,979533.339,29.143,37.530,7.771,0.431,54.309,146.934,165.421
/Users/sudo/CodeProjects/Tufts/EECE0193/Final_Project/EXPERIMENTS/Input/NVSim/iso_capacity/WriteDynamicEnergy/SRAM/16KB/16KB.out,10965.937,0.599,0.599,29.041,38.907,3.438,0.739,1.523
/Users/sudo/CodeProjects/Tufts/EECE0193/Final_Project/EXPERIMENTS/Input/NVSim/iso_capacity/WriteDynamicEnergy/SRAM/32KB/32KB.out,21234.090,0.747,0.747,15.194,29.071,5.659,1.031,2.998
/Users/sudo/CodeProjects/Tufts/EECE0193/Final_Project/EXPERIMENTS/Input/NVSim/iso_capacity/WriteDynamicEnergy/SRAM/64KB/64KB.out,41090.063,1.044,1.044,13.779,19.163,11.165,1.376,5.634
/Users/sudo/CodeProjects/Tufts/EECE0193/Final_Project/EXPERIMENTS/Input/NVSim/iso_capacity/WriteDynamicEnergy/SRAM/128KB/128KB.out,81101.086,1.372,1.372,7.036,14.180,20.022,1.964,11.184
/Users/sudo/CodeProjects/Tufts/EECE0193/Final_Project/EXPERIMENTS/Input/NVSim/iso_capacity/WriteDynamicEnergy/SRAM/256KB/256KB.out,157179.369,2.385,2.385,6.117,7.553,39.812,2.634,20.999
/Users/sudo/CodeProjects/Tufts/EECE0193/Final_Project/EXPERIMENTS/Input/NVSim/iso_capacity/WriteDynamicEnergy/SRAM/512KB/512KB.out,311000.310,3.086,3.086,3.026,5.744,75.156,3.797,41.791
/Users/sudo/CodeProjects/Tufts/EECE0193/Final_Project/EXPERIMENTS/Input/NVSim/iso_capacity/WriteDynamicEnergy/SRAM/1024KB/1024KB.out,611744.682,6.678,6.678,2.525,2.527,149.952,5.070,80.828
/Users/sudo/CodeProjects/Tufts/EECE0193/Final_Project/EXPERIMENTS/Input/NVSim/iso_capacity/WriteDynamicEnergy/SRAM/2048KB/2048KB.out,1217000.0,8.417,8.417,1.186,2.000,291.203,7.393,161.273
/Users/sudo/CodeProjects/Tufts/EECE0193/Final_Project/EXPERIMENTS/Input/NVSim/iso_capacity/WriteDynamicEnergy/SRAM/4096KB/4096KB.out,2412000.0,21.537,21.537,0.957,0.761,581.930,9.940,317.066
/Users/sudo/CodeProjects/Tufts/EECE0193/Final_Project/EXPERIMENTS/Input/NVSim/iso_capacity/WriteDynamicEnergy/RRAM/16KB/16KB.out,16364.752,1.888,20.360,10.069,0.791,25.513,82.643,38.953
/Users/sudo/CodeProjects/Tufts/EECE0193/Final_Project/EXPERIMENTS/Input/NVSim/iso_capacity/WriteDynamicEnergy/RRAM/32KB/32KB.out,32729.504,1.890,20.361,10.069,0.791,26.535,83.664,77.907
/Users/sudo/CodeProjects/Tufts/EECE0193/Final_Project/EXPERIMENTS/Input/NVSim/iso_capacity/WriteDynamicEnergy/RRAM/64KB/64KB.out,34174.678,1.917,20.431,9.666,0.789,27.111,85.161,78.349
/Users/sudo/CodeProjects/Tufts/EECE0193/Final_Project/EXPERIMENTS/Input/NVSim/iso_capacity/WriteDynamicEnergy/RRAM/128KB/128KB.out,68349.356,1.926,20.436,9.666,0.789,29.237,87.286,156.698
/Users/sudo/CodeProjects/Tufts/EECE0193/Final_Project/EXPERIMENTS/Input/NVSim/iso_capacity/WriteDynamicEnergy/RRAM/256KB/256KB.out,73623.947,1.998,20.560,8.840,0.784,30.371,90.266,157.745
/Users/sudo/CodeProjects/Tufts/EECE0193/Final_Project/EXPERIMENTS/Input/NVSim/iso_capacity/WriteDynamicEnergy/RRAM/512KB/512KB.out,147247.894,2.038,20.580,8.840,0.784,34.966,94.861,315.490
/Users/sudo/CodeProjects/Tufts/EECE0193/Final_Project/EXPERIMENTS/Input/NVSim/iso_capacity/WriteDynamicEnergy/RRAM/1024KB/1024KB.out,174730.013,2.129,20.591,8.530,0.784,41.814,100.316,329.147
/Users/sudo/CodeProjects/Tufts/EECE0193/Final_Project/EXPERIMENTS/Input/NVSim/iso_capacity/WriteDynamicEnergy/RRAM/2048KB/2048KB.out,349460.026,2.185,20.619,8.530,0.784,47.361,105.863,658.294
/Users/sudo/CodeProjects/Tufts/EECE0193/Final_Project/EXPERIMENTS/Input/NVSim/iso_capacity/WriteDynamicEnergy/RRAM/4096KB/4096KB.out,437278.285,2.392,20.837,7.384,0.778,53.502,115.833,675.044
/Users/sudo/CodeProjects/Tufts/EECE0193/Final_Project/EXPERIMENTS/Input/NVSim/iso_capacity/WriteDynamicEnergy/PCRAM/16KB/16KB.out,,,,,,,,
/Users/sudo/CodeProjects/Tufts/EECE0193/Final_Project/EXPERIMENTS/Input/NVSim/iso_capacity/WriteDynamicEnergy/PCRAM/32KB/32KB.out,,,,,,,,
/Users/sudo/CodeProjects/Tufts/EECE0193/Final_Project/EXPERIMENTS/Input/NVSim/iso_capacity/WriteDynamicEnergy/PCRAM/64KB/64KB.out,,,,,,,,
/Users/sudo/CodeProjects/Tufts/EECE0193/Final_Project/EXPERIMENTS/Input/NVSim/iso_capacity/WriteDynamicEnergy/PCRAM/128KB/128KB.out,,,,,,,,
/Users/sudo/CodeProjects/Tufts/EECE0193/Final_Project/EXPERIMENTS/Input/NVSim/iso_capacity/WriteDynamicEnergy/PCRAM/256KB/256KB.out,,,,,,,,
/Users/sudo/CodeProjects/Tufts/EECE0193/Final_Project/EXPERIMENTS/Input/NVSim/iso_capacity/WriteDynamicEnergy/PCRAM/512KB/512KB.out,,,,,,,,
/Users/sudo/CodeProjects/Tufts/EECE0193/Final_Project/EXPERIMENTS/Input/NVSim/iso_capacity/WriteDynamicEnergy/PCRAM/1024KB/1024KB.out,,,,,,,,
/Users/sudo/CodeProjects/Tufts/EECE0193/Final_Project/EXPERIMENTS/Input/NVSim/iso_capacity/WriteDynamicEnergy/PCRAM/2048KB/2048KB.out,,,,,,,,
/Users/sudo/CodeProjects/Tufts/EECE0193/Final_Project/EXPERIMENTS/Input/NVSim/iso_capacity/WriteDynamicEnergy/PCRAM/4096KB/4096KB.out,,,,,,,,
/Users/sudo/CodeProjects/Tufts/EECE0193/Final_Project/EXPERIMENTS/Input/NVSim/iso_capacity/ReadEDP/STTRAM/16KB/16KB.out,9900.584,1.842,10.367,8.331,1.572,31.166,130.006,19.746
/Users/sudo/CodeProjects/Tufts/EECE0193/Final_Project/EXPERIMENTS/Input/NVSim/iso_capacity/ReadEDP/STTRAM/32KB/32KB.out,14779.559,1.903,10.426,6.601,1.566,31.204,131.473,20.267
/Users/sudo/CodeProjects/Tufts/EECE0193/Final_Project/EXPERIMENTS/Input/NVSim/iso_capacity/ReadEDP/STTRAM/64KB/64KB.out,23028.188,2.015,10.508,6.588,1.554,31.798,131.836,20.615
/Users/sudo/CodeProjects/Tufts/EECE0193/Final_Project/EXPERIMENTS/Input/NVSim/iso_capacity/ReadEDP/STTRAM/128KB/128KB.out,46056.376,2.024,10.512,6.588,1.554,33.936,133.975,41.230
/Users/sudo/CodeProjects/Tufts/EECE0193/Final_Project/EXPERIMENTS/Input/NVSim/iso_capacity/ReadEDP/STTRAM/256KB/256KB.out,81026.272,2.192,10.744,4.466,1.523,35.815,138.557,43.951
/Users/sudo/CodeProjects/Tufts/EECE0193/Final_Project/EXPERIMENTS/Input/NVSim/iso_capacity/ReadEDP/STTRAM/512KB/512KB.out,168211.792,2.086,10.573,6.567,1.549,42.790,142.348,88.247
/Users/sudo/CodeProjects/Tufts/EECE0193/Final_Project/EXPERIMENTS/Input/NVSim/iso_capacity/ReadEDP/STTRAM/1024KB/1024KB.out,336423.584,2.192,10.627,6.567,1.549,50.324,149.882,176.494
/Users/sudo/CodeProjects/Tufts/EECE0193/Final_Project/EXPERIMENTS/Input/NVSim/iso_capacity/ReadEDP/STTRAM/2048KB/2048KB.out,639414.599,2.318,10.681,6.524,1.549,61.277,159.874,200.404
/Users/sudo/CodeProjects/Tufts/EECE0193/Final_Project/EXPERIMENTS/Input/NVSim/iso_capacity/ReadEDP/STTRAM/4096KB/4096KB.out,1279000.0,2.702,10.873,6.524,1.549,75.794,174.392,400.809
/Users/sudo/CodeProjects/Tufts/EECE0193/Final_Project/EXPERIMENTS/Input/NVSim/iso_capacity/ReadEDP/SRAM/16KB/16KB.out,20577.680,0.132,0.125,265.840,279.975,6.646,6.216,2.530
/Users/sudo/CodeProjects/Tufts/EECE0193/Final_Project/EXPERIMENTS/Input/NVSim/iso_capacity/ReadEDP/SRAM/32KB/32KB.out,60621.277,0.14,0.126,210.547,178.478,10.124,9.636,8.362
/Users/sudo/CodeProjects/Tufts/EECE0193/Final_Project/EXPERIMENTS/Input/NVSim/iso_capacity/ReadEDP/SRAM/64KB/64KB.out,67575.586,0.22,0.203,151.627,137.899,10.752,10.179,8.002
/Users/sudo/CodeProjects/Tufts/EECE0193/Final_Project/EXPERIMENTS/Input/NVSim/iso_capacity/ReadEDP/SRAM/128KB/128KB.out,146034.927,0.253,0.218,157.099,142.143,17.068,15.810,15.957
/Users/sudo/CodeProjects/Tufts/EECE0193/Final_Project/EXPERIMENTS/Input/NVSim/iso_capacity/ReadEDP/SRAM/256KB/256KB.out,268330.521,0.373,0.307,100.066,93.887,22.391,21.273,36.035
/Users/sudo/CodeProjects/Tufts/EECE0193/Final_Project/EXPERIMENTS/Input/NVSim/iso_capacity/ReadEDP/SRAM/512KB/512KB.out,443951.423,0.558,0.456,109.364,66.203,29.094,26.038,62.492
/Users/sudo/CodeProjects/Tufts/EECE0193/Final_Project/EXPERIMENTS/Input/NVSim/iso_capacity/ReadEDP/SRAM/1024KB/1024KB.out,795507.641,0.763,0.571,77.817,61.457,39.312,35.188,112.335
/Users/sudo/CodeProjects/Tufts/EECE0193/Final_Project/EXPERIMENTS/Input/NVSim/iso_capacity/ReadEDP/SRAM/2048KB/2048KB.out,1505000.0,1.185,0.832,68.595,46.159,57.155,48.991,214.867
/Users/sudo/CodeProjects/Tufts/EECE0193/Final_Project/EXPERIMENTS/Input/NVSim/iso_capacity/ReadEDP/SRAM/4096KB/4096KB.out,2818000.0,1.892,1.214,43.318,39.977,79.444,67.123,407.426
/Users/sudo/CodeProjects/Tufts/EECE0193/Final_Project/EXPERIMENTS/Input/NVSim/iso_capacity/ReadEDP/RRAM/16KB/16KB.out,17014.210,1.891,20.556,7.109,0.786,20.666,92.914,19.543
/Users/sudo/CodeProjects/Tufts/EECE0193/Final_Project/EXPERIMENTS/Input/NVSim/iso_capacity/ReadEDP/RRAM/32KB/32KB.out,18357.733,2.021,20.721,5.209,0.781,21.463,108.384,19.853
/Users/sudo/CodeProjects/Tufts/EECE0193/Final_Project/EXPERIMENTS/Input/NVSim/iso_capacity/ReadEDP/RRAM/64KB/64KB.out,37772.364,1.892,20.543,7.093,0.786,25.656,97.743,39.812
/Users/sudo/CodeProjects/Tufts/EECE0193/Final_Project/EXPERIMENTS/Input/NVSim/iso_capacity/ReadEDP/RRAM/128KB/128KB.out,55843.544,1.947,20.565,8.252,0.785,28.087,92.397,79.310
/Users/sudo/CodeProjects/Tufts/EECE0193/Final_Project/EXPERIMENTS/Input/NVSim/iso_capacity/ReadEDP/RRAM/256KB/256KB.out,73623.947,1.998,20.560,8.840,0.784,30.371,90.266,157.745
/Users/sudo/CodeProjects/Tufts/EECE0193/Final_Project/EXPERIMENTS/Input/NVSim/iso_capacity/ReadEDP/RRAM/512KB/512KB.out,84984.878,2.176,20.759,7.585,0.778,32.685,96.348,159.843
/Users/sudo/CodeProjects/Tufts/EECE0193/Final_Project/EXPERIMENTS/Input/NVSim/iso_capacity/ReadEDP/RRAM/1024KB/1024KB.out,169969.756,2.228,20.785,7.585,0.778,37.960,101.623,319.685
/Users/sudo/CodeProjects/Tufts/EECE0193/Final_Project/EXPERIMENTS/Input/NVSim/iso_capacity/ReadEDP/RRAM/2048KB/2048KB.out,349460.026,2.185,20.619,8.530,0.784,47.361,105.863,658.294
/Users/sudo/CodeProjects/Tufts/EECE0193/Final_Project/EXPERIMENTS/Input/NVSim/iso_capacity/ReadEDP/RRAM/4096KB/4096KB.out,437278.285,2.392,20.837,7.384,0.778,53.502,115.833,675.044
/Users/sudo/CodeProjects/Tufts/EECE0193/Final_Project/EXPERIMENTS/Input/NVSim/iso_capacity/ReadEDP/PCRAM/16KB/16KB.out,,,,,,,,
/Users/sudo/CodeProjects/Tufts/EECE0193/Final_Project/EXPERIMENTS/Input/NVSim/iso_capacity/ReadEDP/PCRAM/32KB/32KB.out,,,,,,,,
/Users/sudo/CodeProjects/Tufts/EECE0193/Final_Project/EXPERIMENTS/Input/NVSim/iso_capacity/ReadEDP/PCRAM/64KB/64KB.out,,,,,,,,
/Users/sudo/CodeProjects/Tufts/EECE0193/Final_Project/EXPERIMENTS/Input/NVSim/iso_capacity/ReadEDP/PCRAM/128KB/128KB.out,,,,,,,,
/Users/sudo/CodeProjects/Tufts/EECE0193/Final_Project/EXPERIMENTS/Input/NVSim/iso_capacity/ReadEDP/PCRAM/256KB/256KB.out,,,,,,,,
/Users/sudo/CodeProjects/Tufts/EECE0193/Final_Project/EXPERIMENTS/Input/NVSim/iso_capacity/ReadEDP/PCRAM/512KB/512KB.out,,,,,,,,
/Users/sudo/CodeProjects/Tufts/EECE0193/Final_Project/EXPERIMENTS/Input/NVSim/iso_capacity/ReadEDP/PCRAM/1024KB/1024KB.out,,,,,,,,
/Users/sudo/CodeProjects/Tufts/EECE0193/Final_Project/EXPERIMENTS/Input/NVSim/iso_capacity/ReadEDP/PCRAM/2048KB/2048KB.out,,,,,,,,
/Users/sudo/CodeProjects/Tufts/EECE0193/Final_Project/EXPERIMENTS/Input/NVSim/iso_capacity/ReadEDP/PCRAM/4096KB/4096KB.out,,,,,,,,
/Users/sudo/CodeProjects/Tufts/EECE0193/Final_Project/EXPERIMENTS/Input/NVSim/iso_capacity/WriteEDP/STTRAM/16KB/16KB.out,9900.584,1.842,10.367,8.331,1.572,31.166,130.006,19.746
/Users/sudo/CodeProjects/Tufts/EECE0193/Final_Project/EXPERIMENTS/Input/NVSim/iso_capacity/WriteEDP/STTRAM/32KB/32KB.out,19801.169,1.848,10.370,8.331,1.572,32.820,131.660,39.493
/Users/sudo/CodeProjects/Tufts/EECE0193/Final_Project/EXPERIMENTS/Input/NVSim/iso_capacity/WriteEDP/STTRAM/64KB/64KB.out,27564.674,1.957,10.477,8.310,1.556,32.945,131.579,39.862
/Users/sudo/CodeProjects/Tufts/EECE0193/Final_Project/EXPERIMENTS/Input/NVSim/iso_capacity/WriteEDP/STTRAM/128KB/128KB.out,55129.348,1.969,10.483,8.310,1.556,35.381,134.015,79.724
/Users/sudo/CodeProjects/Tufts/EECE0193/Final_Project/EXPERIMENTS/Input/NVSim/iso_capacity/WriteEDP/STTRAM/256KB/256KB.out,93644.991,2.001,10.494,8.276,1.556,40.133,138.336,82.771
/Users/sudo/CodeProjects/Tufts/EECE0193/Final_Project/EXPERIMENTS/Input/NVSim/iso_capacity/WriteEDP/STTRAM/512KB/512KB.out,187289.982,2.035,10.511,8.276,1.556,44.358,142.562,165.541
/Users/sudo/CodeProjects/Tufts/EECE0193/Final_Project/EXPERIMENTS/Input/NVSim/iso_capacity/WriteEDP/STTRAM/1024KB/1024KB.out,293691.355,2.530,10.936,6.562,1.503,46.053,145.631,165.278
/Users/sudo/CodeProjects/Tufts/EECE0193/Final_Project/EXPERIMENTS/Input/NVSim/iso_capacity/WriteEDP/STTRAM/2048KB/2048KB.out,558139.732,2.627,10.976,6.520,1.503,55.213,153.849,177.625
/Users/sudo/CodeProjects/Tufts/EECE0193/Final_Project/EXPERIMENTS/Input/NVSim/iso_capacity/WriteEDP/STTRAM/4096KB/4096KB.out,1116000.0,3.011,11.168,6.520,1.503,69.723,168.359,355.251
/Users/sudo/CodeProjects/Tufts/EECE0193/Final_Project/EXPERIMENTS/Input/NVSim/iso_capacity/WriteEDP/SRAM/16KB/16KB.out,10965.937,0.599,0.599,29.041,38.907,3.438,0.739,1.523
/Users/sudo/CodeProjects/Tufts/EECE0193/Final_Project/EXPERIMENTS/Input/NVSim/iso_capacity/WriteEDP/SRAM/32KB/32KB.out,21234.090,0.747,0.747,15.194,29.071,5.659,1.031,2.998
/Users/sudo/CodeProjects/Tufts/EECE0193/Final_Project/EXPERIMENTS/Input/NVSim/iso_capacity/WriteEDP/SRAM/64KB/64KB.out,41090.063,1.044,1.044,13.779,19.163,11.165,1.376,5.634
/Users/sudo/CodeProjects/Tufts/EECE0193/Final_Project/EXPERIMENTS/Input/NVSim/iso_capacity/WriteEDP/SRAM/128KB/128KB.out,81101.086,1.372,1.372,7.036,14.180,20.022,1.964,11.184
/Users/sudo/CodeProjects/Tufts/EECE0193/Final_Project/EXPERIMENTS/Input/NVSim/iso_capacity/WriteEDP/SRAM/256KB/256KB.out,157356.512,2.362,2.362,6.171,7.635,39.824,2.646,20.959
/Users/sudo/CodeProjects/Tufts/EECE0193/Final_Project/EXPERIMENTS/Input/NVSim/iso_capacity/WriteEDP/SRAM/512KB/512KB.out,311183.038,3.054,3.054,3.044,5.809,75.178,3.819,41.736
/Users/sudo/CodeProjects/Tufts/EECE0193/Final_Project/EXPERIMENTS/Input/NVSim/iso_capacity/WriteEDP/SRAM/1024KB/1024KB.out,795507.641,0.763,0.571,77.817,61.457,39.312,35.188,112.335
/Users/sudo/CodeProjects/Tufts/EECE0193/Final_Project/EXPERIMENTS/Input/NVSim/iso_capacity/WriteEDP/SRAM/2048KB/2048KB.out,1505000.0,1.185,0.832,68.595,46.159,57.155,48.991,214.867
/Users/sudo/CodeProjects/Tufts/EECE0193/Final_Project/EXPERIMENTS/Input/NVSim/iso_capacity/WriteEDP/SRAM/4096KB/4096KB.out,2830000.0,1.883,1.202,45.165,41.545,79.862,67.355,404.056
/Users/sudo/CodeProjects/Tufts/EECE0193/Final_Project/EXPERIMENTS/Input/NVSim/iso_capacity/WriteEDP/RRAM/16KB/16KB.out,29379.061,1.856,20.329,10.178,0.792,25.996,82.666,77.776
/Users/sudo/CodeProjects/Tufts/EECE0193/Final_Project/EXPERIMENTS/Input/NVSim/iso_capacity/WriteEDP/RRAM/32KB/32KB.out,32729.504,1.890,20.361,10.069,0.791,26.535,83.664,77.907
/Users/sudo/CodeProjects/Tufts/EECE0193/Final_Project/EXPERIMENTS/Input/NVSim/iso_capacity/WriteEDP/RRAM/64KB/64KB.out,34174.678,1.917,20.431,9.666,0.789,27.111,85.161,78.349
/Users/sudo/CodeProjects/Tufts/EECE0193/Final_Project/EXPERIMENTS/Input/NVSim/iso_capacity/WriteEDP/RRAM/128KB/128KB.out,68349.356,1.926,20.436,9.666,0.789,29.237,87.286,156.698
/Users/sudo/CodeProjects/Tufts/EECE0193/Final_Project/EXPERIMENTS/Input/NVSim/iso_capacity/WriteEDP/RRAM/256KB/256KB.out,73623.947,1.998,20.560,8.840,0.784,30.371,90.266,157.745
/Users/sudo/CodeProjects/Tufts/EECE0193/Final_Project/EXPERIMENTS/Input/NVSim/iso_capacity/WriteEDP/RRAM/512KB/512KB.out,147247.894,2.038,20.580,8.840,0.784,34.966,94.861,315.490
/Users/sudo/CodeProjects/Tufts/EECE0193/Final_Project/EXPERIMENTS/Input/NVSim/iso_capacity/WriteEDP/RRAM/1024KB/1024KB.out,174730.013,2.129,20.591,8.530,0.784,41.814,100.316,329.147
/Users/sudo/CodeProjects/Tufts/EECE0193/Final_Project/EXPERIMENTS/Input/NVSim/iso_capacity/WriteEDP/RRAM/2048KB/2048KB.out,349460.026,2.185,20.619,8.530,0.784,47.361,105.863,658.294
/Users/sudo/CodeProjects/Tufts/EECE0193/Final_Project/EXPERIMENTS/Input/NVSim/iso_capacity/WriteEDP/RRAM/4096KB/4096KB.out,437278.285,2.392,20.837,7.384,0.778,53.502,115.833,675.044
/Users/sudo/CodeProjects/Tufts/EECE0193/Final_Project/EXPERIMENTS/Input/NVSim/iso_capacity/WriteEDP/PCRAM/16KB/16KB.out,,,,,,,,
/Users/sudo/CodeProjects/Tufts/EECE0193/Final_Project/EXPERIMENTS/Input/NVSim/iso_capacity/WriteEDP/PCRAM/32KB/32KB.out,,,,,,,,
/Users/sudo/CodeProjects/Tufts/EECE0193/Final_Project/EXPERIMENTS/Input/NVSim/iso_capacity/WriteEDP/PCRAM/64KB/64KB.out,,,,,,,,
/Users/sudo/CodeProjects/Tufts/EECE0193/Final_Project/EXPERIMENTS/Input/NVSim/iso_capacity/WriteEDP/PCRAM/128KB/128KB.out,,,,,,,,
/Users/sudo/CodeProjects/Tufts/EECE0193/Final_Project/EXPERIMENTS/Input/NVSim/iso_capacity/WriteEDP/PCRAM/256KB/256KB.out,,,,,,,,
/Users/sudo/CodeProjects/Tufts/EECE0193/Final_Project/EXPERIMENTS/Input/NVSim/iso_capacity/WriteEDP/PCRAM/512KB/512KB.out,,,,,,,,
/Users/sudo/CodeProjects/Tufts/EECE0193/Final_Project/EXPERIMENTS/Input/NVSim/iso_capacity/WriteEDP/PCRAM/1024KB/1024KB.out,,,,,,,,
/Users/sudo/CodeProjects/Tufts/EECE0193/Final_Project/EXPERIMENTS/Input/NVSim/iso_capacity/WriteEDP/PCRAM/2048KB/2048KB.out,,,,,,,,
/Users/sudo/CodeProjects/Tufts/EECE0193/Final_Project/EXPERIMENTS/Input/NVSim/iso_capacity/WriteEDP/PCRAM/4096KB/4096KB.out,,,,,,,,
/Users/sudo/CodeProjects/Tufts/EECE0193/Final_Project/EXPERIMENTS/Input/NVSim/iso_capacity/LeakagePower/STTRAM/16KB/16KB.out,8509.563,2.266,10.792,10.049,1.504,32.820,129.983,19.460
/Users/sudo/CodeProjects/Tufts/EECE0193/Final_Project/EXPERIMENTS/Input/NVSim/iso_capacity/LeakagePower/STTRAM/32KB/32KB.out,12520.284,2.316,10.839,9.395,1.504,32.830,130.350,19.634
/Users/sudo/CodeProjects/Tufts/EECE0193/Final_Project/EXPERIMENTS/Input/NVSim/iso_capacity/LeakagePower/STTRAM/64KB/64KB.out,20539.174,2.330,10.844,8.269,1.504,32.860,131.083,19.976
/Users/sudo/CodeProjects/Tufts/EECE0193/Final_Project/EXPERIMENTS/Input/NVSim/iso_capacity/LeakagePower/STTRAM/128KB/128KB.out,34892.352,3.699,12.196,8.190,1.337,35.024,132.448,20.055
/Users/sudo/CodeProjects/Tufts/EECE0193/Final_Project/EXPERIMENTS/Input/NVSim/iso_capacity/LeakagePower/STTRAM/256KB/256KB.out,64843.005,3.759,12.218,6.512,1.337,35.235,133.914,20.742
/Users/sudo/CodeProjects/Tufts/EECE0193/Final_Project/EXPERIMENTS/Input/NVSim/iso_capacity/LeakagePower/STTRAM/512KB/512KB.out,121186.023,8.948,17.376,6.418,0.937,39.754,136.634,20.892
/Users/sudo/CodeProjects/Tufts/EECE0193/Final_Project/EXPERIMENTS/Input/NVSim/iso_capacity/LeakagePower/STTRAM/1024KB/1024KB.out,236030.837,9.096,17.391,4.387,0.936,41.413,139.565,22.254
/Users/sudo/CodeProjects/Tufts/EECE0193/Final_Project/EXPERIMENTS/Input/NVSim/iso_capacity/LeakagePower/STTRAM/2048KB/2048KB.out,460516.691,29.318,37.549,4.305,0.431,52.099,145.019,23.249
/Users/sudo/CodeProjects/Tufts/EECE0193/Final_Project/EXPERIMENTS/Input/NVSim/iso_capacity/LeakagePower/STTRAM/4096KB/4096KB.out,912255.755,29.797,37.580,2.438,0.431,63.893,150.878,26.670
/Users/sudo/CodeProjects/Tufts/EECE0193/Final_Project/EXPERIMENTS/Input/NVSim/iso_capacity/LeakagePower/SRAM/16KB/16KB.out,10800.700,0.76,0.76,39.788,26.273,4.140,1.045,1.446
/Users/sudo/CodeProjects/Tufts/EECE0193/Final_Project/EXPERIMENTS/Input/NVSim/iso_capacity/LeakagePower/SRAM/32KB/32KB.out,22642.214,1.500,1.500,41.350,12.079,6.221,2.069,2.815
/Users/sudo/CodeProjects/Tufts/EECE0193/Final_Project/EXPERIMENTS/Input/NVSim/iso_capacity/LeakagePower/SRAM/64KB/64KB.out,40262.248,1.768,1.768,18.680,10.382,12.533,1.972,5.312
/Users/sudo/CodeProjects/Tufts/EECE0193/Final_Project/EXPERIMENTS/Input/NVSim/iso_capacity/LeakagePower/SRAM/128KB/128KB.out,78984.622,1.987,1.987,11.181,9.131,21.369,2.263,10.513
/Users/sudo/CodeProjects/Tufts/EECE0193/Final_Project/EXPERIMENTS/Input/NVSim/iso_capacity/LeakagePower/SRAM/256KB/256KB.out,154489.594,5.095,5.095,8.020,3.323,41.887,3.537,20.303
/Users/sudo/CodeProjects/Tufts/EECE0193/Final_Project/EXPERIMENTS/Input/NVSim/iso_capacity/LeakagePower/SRAM/512KB/512KB.out,306468.659,5.678,5.678,4.755,2.982,77.202,4.119,40.420
/Users/sudo/CodeProjects/Tufts/EECE0193/Final_Project/EXPERIMENTS/Input/NVSim/iso_capacity/LeakagePower/SRAM/1024KB/1024KB.out,605947.663,17.164,17.164,3.225,0.955,154.082,6.853,79.421
/Users/sudo/CodeProjects/Tufts/EECE0193/Final_Project/EXPERIMENTS/Input/NVSim/iso_capacity/LeakagePower/SRAM/2048KB/2048KB.out,1207000.0,18.742,18.742,1.880,0.874,295.276,8.016,158.504
/Users/sudo/CodeProjects/Tufts/EECE0193/Final_Project/EXPERIMENTS/Input/NVSim/iso_capacity/LeakagePower/SRAM/4096KB/4096KB.out,2400000.0,62.426,62.426,1.213,0.259,589.076,13.122,314.920
/Users/sudo/CodeProjects/Tufts/EECE0193/Final_Project/EXPERIMENTS/Input/NVSim/iso_capacity/LeakagePower/RRAM/16KB/16KB.out,12441.980,1.900,20.543,8.410,0.786,20.920,85.573,19.495
/Users/sudo/CodeProjects/Tufts/EECE0193/Final_Project/EXPERIMENTS/Input/NVSim/iso_capacity/LeakagePower/RRAM/32KB/32KB.out,9202.993,1.984,20.553,8.840,0.784,26.351,86.246,19.718
/Users/sudo/CodeProjects/Tufts/EECE0193/Final_Project/EXPERIMENTS/Input/NVSim/iso_capacity/LeakagePower/RRAM/64KB/64KB.out,10623.110,2.159,20.751,7.585,0.778,28.077,91.739,19.980
/Users/sudo/CodeProjects/Tufts/EECE0193/Final_Project/EXPERIMENTS/Input/NVSim/iso_capacity/LeakagePower/RRAM/128KB/128KB.out,13368.391,2.441,21.052,5.847,0.767,31.466,102.664,20.499
/Users/sudo/CodeProjects/Tufts/EECE0193/Final_Project/EXPERIMENTS/Input/NVSim/iso_capacity/LeakagePower/RRAM/256KB/256KB.out,18679.196,3.013,21.688,4.002,0.745,37.885,123.680,21.538
/Users/sudo/CodeProjects/Tufts/EECE0193/Final_Project/EXPERIMENTS/Input/NVSim/iso_capacity/LeakagePower/RRAM/512KB/512KB.out,29594.314,3.097,21.719,3.984,0.745,59.803,144.301,24.208
/Users/sudo/CodeProjects/Tufts/EECE0193/Final_Project/EXPERIMENTS/Input/NVSim/iso_capacity/LeakagePower/RRAM/1024KB/1024KB.out,59188.627,3.099,21.720,3.984,0.745,60.872,145.370,48.417
/Users/sudo/CodeProjects/Tufts/EECE0193/Final_Project/EXPERIMENTS/Input/NVSim/iso_capacity/LeakagePower/RRAM/2048KB/2048KB.out,102792.155,3.407,21.855,3.948,0.745,105.772,187.673,61.128
/Users/sudo/CodeProjects/Tufts/EECE0193/Final_Project/EXPERIMENTS/Input/NVSim/iso_capacity/LeakagePower/RRAM/4096KB/4096KB.out,205584.309,3.412,21.858,3.948,0.745,107.694,189.596,122.255
/Users/sudo/CodeProjects/Tufts/EECE0193/Final_Project/EXPERIMENTS/Input/NVSim/iso_capacity/LeakagePower/PCRAM/16KB/16KB.out,,,,,,,,
/Users/sudo/CodeProjects/Tufts/EECE0193/Final_Project/EXPERIMENTS/Input/NVSim/iso_capacity/LeakagePower/PCRAM/32KB/32KB.out,,,,,,,,
/Users/sudo/CodeProjects/Tufts/EECE0193/Final_Project/EXPERIMENTS/Input/NVSim/iso_capacity/LeakagePower/PCRAM/64KB/64KB.out,,,,,,,,
/Users/sudo/CodeProjects/Tufts/EECE0193/Final_Project/EXPERIMENTS/Input/NVSim/iso_capacity/LeakagePower/PCRAM/128KB/128KB.out,,,,,,,,
/Users/sudo/CodeProjects/Tufts/EECE0193/Final_Project/EXPERIMENTS/Input/NVSim/iso_capacity/LeakagePower/PCRAM/256KB/256KB.out,,,,,,,,
/Users/sudo/CodeProjects/Tufts/EECE0193/Final_Project/EXPERIMENTS/Input/NVSim/iso_capacity/LeakagePower/PCRAM/512KB/512KB.out,,,,,,,,
/Users/sudo/CodeProjects/Tufts/EECE0193/Final_Project/EXPERIMENTS/Input/NVSim/iso_capacity/LeakagePower/PCRAM/1024KB/1024KB.out,,,,,,,,
/Users/sudo/CodeProjects/Tufts/EECE0193/Final_Project/EXPERIMENTS/Input/NVSim/iso_capacity/LeakagePower/PCRAM/2048KB/2048KB.out,,,,,,,,
/Users/sudo/CodeProjects/Tufts/EECE0193/Final_Project/EXPERIMENTS/Input/NVSim/iso_capacity/LeakagePower/PCRAM/4096KB/4096KB.out,,,,,,,,
/Users/sudo/CodeProjects/Tufts/EECE0193/Final_Project/EXPERIMENTS/Input/NVSim/iso_capacity/Area/STTRAM/16KB/16KB.out,8509.563,2.266,10.792,10.049,1.504,32.820,129.983,19.460
/Users/sudo/CodeProjects/Tufts/EECE0193/Final_Project/EXPERIMENTS/Input/NVSim/iso_capacity/Area/STTRAM/32KB/32KB.out,12520.284,2.316,10.839,9.395,1.504,32.830,130.350,19.634
/Users/sudo/CodeProjects/Tufts/EECE0193/Final_Project/EXPERIMENTS/Input/NVSim/iso_capacity/Area/STTRAM/64KB/64KB.out,20539.174,2.330,10.844,8.269,1.504,32.860,131.083,19.976
/Users/sudo/CodeProjects/Tufts/EECE0193/Final_Project/EXPERIMENTS/Input/NVSim/iso_capacity/Area/STTRAM/128KB/128KB.out,34892.352,3.699,12.196,8.190,1.337,35.024,132.448,20.055
/Users/sudo/CodeProjects/Tufts/EECE0193/Final_Project/EXPERIMENTS/Input/NVSim/iso_capacity/Area/STTRAM/256KB/256KB.out,64843.005,3.759,12.218,6.512,1.337,35.235,133.914,20.742
/Users/sudo/CodeProjects/Tufts/EECE0193/Final_Project/EXPERIMENTS/Input/NVSim/iso_capacity/Area/STTRAM/512KB/512KB.out,121186.023,8.948,17.376,6.418,0.937,39.754,136.634,20.892
/Users/sudo/CodeProjects/Tufts/EECE0193/Final_Project/EXPERIMENTS/Input/NVSim/iso_capacity/Area/STTRAM/1024KB/1024KB.out,236030.837,9.096,17.391,4.387,0.936,41.413,139.565,22.254
/Users/sudo/CodeProjects/Tufts/EECE0193/Final_Project/EXPERIMENTS/Input/NVSim/iso_capacity/Area/STTRAM/2048KB/2048KB.out,460516.691,29.318,37.549,4.305,0.431,52.099,145.019,23.249
/Users/sudo/CodeProjects/Tufts/EECE0193/Final_Project/EXPERIMENTS/Input/NVSim/iso_capacity/Area/STTRAM/4096KB/4096KB.out,912255.755,29.797,37.580,2.438,0.431,63.893,150.878,26.670
/Users/sudo/CodeProjects/Tufts/EECE0193/Final_Project/EXPERIMENTS/Input/NVSim/iso_capacity/Area/SRAM/16KB/16KB.out,10501.780,0.783,0.783,37.610,25.307,3.917,0.961,1.463
/Users/sudo/CodeProjects/Tufts/EECE0193/Final_Project/EXPERIMENTS/Input/NVSim/iso_capacity/Area/SRAM/32KB/32KB.out,20521.916,0.918,0.918,23.503,22.300,6.130,1.107,2.851
/Users/sudo/CodeProjects/Tufts/EECE0193/Final_Project/EXPERIMENTS/Input/NVSim/iso_capacity/Area/SRAM/64KB/64KB.out,39646.851,1.840,1.840,17.219,9.914,12.018,1.783,5.370
/Users/sudo/CodeProjects/Tufts/EECE0193/Final_Project/EXPERIMENTS/Input/NVSim/iso_capacity/Area/SRAM/128KB/128KB.out,78370.000,2.054,2.054,10.686,8.798,20.854,2.074,10.570
/Users/sudo/CodeProjects/Tufts/EECE0193/Final_Project/EXPERIMENTS/Input/NVSim/iso_capacity/Area/SRAM/256KB/256KB.out,153523.106,5.288,5.288,7.315,3.196,41.373,3.347,20.435
/Users/sudo/CodeProjects/Tufts/EECE0193/Final_Project/EXPERIMENTS/Input/NVSim/iso_capacity/Area/SRAM/512KB/512KB.out,305503.730,5.851,5.851,4.522,2.889,76.687,3.929,40.551
/Users/sudo/CodeProjects/Tufts/EECE0193/Final_Project/EXPERIMENTS/Input/NVSim/iso_capacity/Area/SRAM/1024KB/1024KB.out,604022.472,17.682,17.682,2.920,0.926,153.008,6.477,79.710
/Users/sudo/CodeProjects/Tufts/EECE0193/Final_Project/EXPERIMENTS/Input/NVSim/iso_capacity/Area/SRAM/2048KB/2048KB.out,1205000.0,19.203,19.203,1.783,0.853,294.203,7.640,158.792
/Users/sudo/CodeProjects/Tufts/EECE0193/Final_Project/EXPERIMENTS/Input/NVSim/iso_capacity/Area/SRAM/4096KB/4096KB.out,2397000.0,63.767,63.767,1.101,0.253,588.001,12.745,315.525
/Users/sudo/CodeProjects/Tufts/EECE0193/Final_Project/EXPERIMENTS/Input/NVSim/iso_capacity/Area/RRAM/16KB/16KB.out,8543.669,1.915,20.430,9.666,0.789,25.507,83.556,19.587
/Users/sudo/CodeProjects/Tufts/EECE0193/Final_Project/EXPERIMENTS/Input/NVSim/iso_capacity/Area/RRAM/32KB/32KB.out,9202.993,1.984,20.553,8.840,0.784,26.351,86.246,19.718
/Users/sudo/CodeProjects/Tufts/EECE0193/Final_Project/EXPERIMENTS/Input/NVSim/iso_capacity/Area/RRAM/64KB/64KB.out,10623.110,2.159,20.751,7.585,0.778,28.077,91.739,19.980
/Users/sudo/CodeProjects/Tufts/EECE0193/Final_Project/EXPERIMENTS/Input/NVSim/iso_capacity/Area/RRAM/128KB/128KB.out,13368.391,2.441,21.052,5.847,0.767,31.466,102.664,20.499
/Users/sudo/CodeProjects/Tufts/EECE0193/Final_Project/EXPERIMENTS/Input/NVSim/iso_capacity/Area/RRAM/256KB/256KB.out,18679.196,3.013,21.688,4.002,0.745,37.885,123.680,21.538
/Users/sudo/CodeProjects/Tufts/EECE0193/Final_Project/EXPERIMENTS/Input/NVSim/iso_capacity/Area/RRAM/512KB/512KB.out,29594.314,3.097,21.719,3.984,0.745,59.803,144.301,24.208
/Users/sudo/CodeProjects/Tufts/EECE0193/Final_Project/EXPERIMENTS/Input/NVSim/iso_capacity/Area/RRAM/1024KB/1024KB.out,59188.627,3.099,21.720,3.984,0.745,60.872,145.370,48.417
/Users/sudo/CodeProjects/Tufts/EECE0193/Final_Project/EXPERIMENTS/Input/NVSim/iso_capacity/Area/RRAM/2048KB/2048KB.out,102792.155,3.407,21.855,3.948,0.745,105.772,187.673,61.128
/Users/sudo/CodeProjects/Tufts/EECE0193/Final_Project/EXPERIMENTS/Input/NVSim/iso_capacity/Area/RRAM/4096KB/4096KB.out,205584.309,3.412,21.858,3.948,0.745,107.694,189.596,122.255
/Users/sudo/CodeProjects/Tufts/EECE0193/Final_Project/EXPERIMENTS/Input/NVSim/iso_capacity/Area/PCRAM/16KB/16KB.out,,,,,,,,
/Users/sudo/CodeProjects/Tufts/EECE0193/Final_Project/EXPERIMENTS/Input/NVSim/iso_capacity/Area/PCRAM/32KB/32KB.out,,,,,,,,
/Users/sudo/CodeProjects/Tufts/EECE0193/Final_Project/EXPERIMENTS/Input/NVSim/iso_capacity/Area/PCRAM/64KB/64KB.out,,,,,,,,
/Users/sudo/CodeProjects/Tufts/EECE0193/Final_Project/EXPERIMENTS/Input/NVSim/iso_capacity/Area/PCRAM/128KB/128KB.out,,,,,,,,
/Users/sudo/CodeProjects/Tufts/EECE0193/Final_Project/EXPERIMENTS/Input/NVSim/iso_capacity/Area/PCRAM/256KB/256KB.out,,,,,,,,
/Users/sudo/CodeProjects/Tufts/EECE0193/Final_Project/EXPERIMENTS/Input/NVSim/iso_capacity/Area/PCRAM/512KB/512KB.out,,,,,,,,
/Users/sudo/CodeProjects/Tufts/EECE0193/Final_Project/EXPERIMENTS/Input/NVSim/iso_capacity/Area/PCRAM/1024KB/1024KB.out,,,,,,,,
/Users/sudo/CodeProjects/Tufts/EECE0193/Final_Project/EXPERIMENTS/Input/NVSim/iso_capacity/Area/PCRAM/2048KB/2048KB.out,,,,,,,,
/Users/sudo/CodeProjects/Tufts/EECE0193/Final_Project/EXPERIMENTS/Input/NVSim/iso_capacity/Area/PCRAM/4096KB/4096KB.out,,,,,,,,
